[
  {
    "InseeCommune": 40004,
    "Nom": "Bourg",
    "Rue": "Rue de la Pépinière",
    "PILE": 1,
    "VERRE": 1,
    "EMB_TETRA": 1,
    "EMB_METAL": 1,
    "PLASTIQUE": 1,
    "PAPIER": 1,
    "LATITUDE": 43.6575701314986,
    "LONGITUDE": -1.37320887161384,
    "TEXTILES": 0
  },
  {
    "InseeCommune": 40004,
    "Nom": "Plaine D Menjacq 1",
    "Rue": "Route de Minjacq",
    "PILE": 1,
    "VERRE": 1,
    "EMB_TETRA": 1,
    "EMB_METAL": 1,
    "PLASTIQUE": 1,
    "PAPIER": 1,
    "LATITUDE": 43.6548277946142,
    "LONGITUDE": -1.37159852935584,
    "TEXTILES": 0
  },
  {
    "InseeCommune": 40021,
    "Nom": "Station du stade",
    "Rue": "Rue du Stade",
    "PILE": 0,
    "VERRE": 1,
    "EMB_TETRA": 2,
    "EMB_METAL": 1,
    "PLASTIQUE": 1,
    "PAPIER": 1,
    "LATITUDE": 43.798150713128,
    "LONGITUDE": -1.29980858399163,
    "TEXTILES": 0
  },
  {
    "InseeCommune": 40021,
    "Nom": "station pont du Miey",
    "Rue": "",
    "PILE": 0,
    "VERRE": 1,
    "EMB_TETRA": 1,
    "EMB_METAL": 1,
    "PLASTIQUE": 1,
    "PAPIER": 1,
    "LATITUDE": 43.7742139986365,
    "LONGITUDE": -1.29343081874802,
    "TEXTILES": 0
  },
  {
    "InseeCommune": 40034,
    "Nom": "Fronton",
    "Rue": "Fronton",
    "PILE": 0,
    "VERRE": 1,
    "EMB_TETRA": 1,
    "EMB_METAL": 1,
    "PLASTIQUE": 1,
    "PAPIER": 1,
    "LATITUDE": 43.5936794296175,
    "LONGITUDE": -1.10899275300615,
    "TEXTILES": 0
  },
  {
    "InseeCommune": 40036,
    "Nom": "Lot Hontarède",
    "Rue": "Hontarède",
    "PILE": 1,
    "VERRE": 1,
    "EMB_TETRA": 2,
    "EMB_METAL": 1,
    "PLASTIQUE": 1,
    "PAPIER": 1,
    "LATITUDE": 43.6310990756799,
    "LONGITUDE": -1.3717142810635,
    "TEXTILES": 0
  },
  {
    "InseeCommune": 40036,
    "Nom": "Residence Haouse",
    "Rue": "Allée d Aouce",
    "PILE": 1,
    "VERRE": 2,
    "EMB_TETRA": 2,
    "EMB_METAL": 1,
    "PLASTIQUE": 2,
    "PAPIER": 1,
    "LATITUDE": 43.6343102677748,
    "LONGITUDE": -1.36339530036604,
    "TEXTILES": 0
  },
  {
    "InseeCommune": 40036,
    "Nom": "Station Dech",
    "Rue": "Plateforme Benesse",
    "PILE": 1,
    "VERRE": 2,
    "EMB_TETRA": 2,
    "EMB_METAL": 2,
    "PLASTIQUE": 2,
    "PAPIER": 2,
    "LATITUDE": 43.6318954499195,
    "LONGITUDE": -1.3977423554914,
    "TEXTILES": 0
  },
  {
    "InseeCommune": 40042,
    "Nom": "Salle Des Fetes",
    "Rue": "Route des Chênes",
    "PILE": 0,
    "VERRE": 1,
    "EMB_TETRA": 1,
    "EMB_METAL": 1,
    "PLASTIQUE": 1,
    "PAPIER": 1,
    "LATITUDE": 43.5613731848755,
    "LONGITUDE": -1.27180798733619,
    "TEXTILES": 0
  },
  {
    "InseeCommune": 40044,
    "Nom": "Bourg",
    "Rue": "Bourg",
    "PILE": 1,
    "VERRE": 1,
    "EMB_TETRA": 2,
    "EMB_METAL": 1,
    "PLASTIQUE": 1,
    "PAPIER": 1,
    "LATITUDE": 43.549621120435,
    "LONGITUDE": -1.30428024028364,
    "TEXTILES": 1
  },
  {
    "InseeCommune": 40059,
    "Nom": "Cimetiere",
    "Rue": "Rue du Moulin Jouanin",
    "PILE": 1,
    "VERRE": 1,
    "EMB_TETRA": 1,
    "EMB_METAL": 1,
    "PLASTIQUE": 1,
    "PAPIER": 1,
    "LATITUDE": 43.5956747737404,
    "LONGITUDE": -1.06687959364196,
    "TEXTILES": 1
  },
  {
    "InseeCommune": 40065,
    "Nom": "L Civelle",
    "Rue": "Avenue des Biches",
    "PILE": 1,
    "VERRE": 2,
    "EMB_TETRA": 2,
    "EMB_METAL": 1,
    "PLASTIQUE": 2,
    "PAPIER": 1,
    "LATITUDE": 43.6304176792491,
    "LONGITUDE": -1.43268641443059,
    "TEXTILES": 0
  },
  {
    "InseeCommune": 40065,
    "Nom": "Basques",
    "Rue": "Rue des Basques",
    "PILE": 1,
    "VERRE": 1,
    "EMB_TETRA": 1,
    "EMB_METAL": 1,
    "PLASTIQUE": 1,
    "PAPIER": 1,
    "LATITUDE": 43.6512647902638,
    "LONGITUDE": -1.44114648698305,
    "TEXTILES": 1
  },
  {
    "InseeCommune": 40065,
    "Nom": "Bonamour",
    "Rue": "Quai Bonamour",
    "PILE": 1,
    "VERRE": 2,
    "EMB_TETRA": 3,
    "EMB_METAL": 1,
    "PLASTIQUE": 2,
    "PAPIER": 1,
    "LATITUDE": 43.6496420972268,
    "LONGITUDE": -1.43434427052786,
    "TEXTILES": 0
  },
  {
    "InseeCommune": 40065,
    "Nom": "Bourret",
    "Rue": "Avenue Michel de Montaigne",
    "PILE": 1,
    "VERRE": 2,
    "EMB_TETRA": 3,
    "EMB_METAL": 1,
    "PLASTIQUE": 3,
    "PAPIER": 2,
    "LATITUDE": 43.6531499898561,
    "LONGITUDE": -1.42596865834419,
    "TEXTILES": 1
  },
  {
    "InseeCommune": 40065,
    "Nom": "Centre Leclerc",
    "Rue": "Rue du Bournes",
    "PILE": 1,
    "VERRE": 1,
    "EMB_TETRA": 0,
    "EMB_METAL": 1,
    "PLASTIQUE": 1,
    "PAPIER": 1,
    "LATITUDE": 43.6448321439014,
    "LONGITUDE": -1.42449134672089,
    "TEXTILES": 0
  },
  {
    "InseeCommune": 40065,
    "Nom": "Ecoles",
    "Rue": "Avenue Victor Hugo",
    "PILE": 1,
    "VERRE": 1,
    "EMB_TETRA": 1,
    "EMB_METAL": 1,
    "PLASTIQUE": 1,
    "PAPIER": 1,
    "LATITUDE": 43.6504948895211,
    "LONGITUDE": -1.42035965669196,
    "TEXTILES": 0
  },
  {
    "InseeCommune": 40065,
    "Nom": "Gaillou",
    "Rue": "Rue des Déferlantes",
    "PILE": 1,
    "VERRE": 1,
    "EMB_TETRA": 2,
    "EMB_METAL": 1,
    "PLASTIQUE": 1,
    "PAPIER": 1,
    "LATITUDE": 43.6310577495499,
    "LONGITUDE": -1.42611191209353,
    "TEXTILES": 0
  },
  {
    "InseeCommune": 40065,
    "Nom": "La Pepiniere",
    "Rue": "Boulevard Loucheur",
    "PILE": 1,
    "VERRE": 1,
    "EMB_TETRA": 2,
    "EMB_METAL": 1,
    "PLASTIQUE": 2,
    "PAPIER": 1,
    "LATITUDE": 43.6408460365728,
    "LONGITUDE": -1.42200881753654,
    "TEXTILES": 0
  },
  {
    "InseeCommune": 40065,
    "Nom": "La Pointe",
    "Rue": "Route de la Pointe",
    "PILE": 1,
    "VERRE": 1,
    "EMB_TETRA": 1,
    "EMB_METAL": 1,
    "PLASTIQUE": 1,
    "PAPIER": 1,
    "LATITUDE": 43.6213444085922,
    "LONGITUDE": -1.44001099158878,
    "TEXTILES": 0
  },
  {
    "InseeCommune": 40065,
    "Nom": "La Prairie",
    "Rue": "Rue de Beausoleil",
    "PILE": 2,
    "VERRE": 1,
    "EMB_TETRA": 1,
    "EMB_METAL": 1,
    "PLASTIQUE": 1,
    "PAPIER": 1,
    "LATITUDE": 43.6472880994625,
    "LONGITUDE": -1.44282139718563,
    "TEXTILES": 0
  },
  {
    "InseeCommune": 40065,
    "Nom": "Les Chevreuils",
    "Rue": "Rue des Chevreuils",
    "PILE": 1,
    "VERRE": 1,
    "EMB_TETRA": 1,
    "EMB_METAL": 1,
    "PLASTIQUE": 1,
    "PAPIER": 1,
    "LATITUDE": 43.6321656621135,
    "LONGITUDE": -1.43455084837135,
    "TEXTILES": 0
  },
  {
    "InseeCommune": 40065,
    "Nom": "Les Dauphins",
    "Rue": "Résidence Les Dauphins",
    "PILE": 1,
    "VERRE": 1,
    "EMB_TETRA": 1,
    "EMB_METAL": 1,
    "PLASTIQUE": 1,
    "PAPIER": 1,
    "LATITUDE": 43.6450555959878,
    "LONGITUDE": -1.42184576384705,
    "TEXTILES": 1
  },
  {
    "InseeCommune": 40065,
    "Nom": "Menuiserie Amestoy",
    "Rue": "Menuiserie Amestoy",
    "PILE": 1,
    "VERRE": 1,
    "EMB_TETRA": 1,
    "EMB_METAL": 0,
    "PLASTIQUE": 1,
    "PAPIER": 1,
    "LATITUDE": 43.6253618839742,
    "LONGITUDE": -1.43332250791136,
    "TEXTILES": 0
  },
  {
    "InseeCommune": 40065,
    "Nom": "Notre Dame",
    "Rue": "Parking Terrasses de l'Océan",
    "PILE": 1,
    "VERRE": 1,
    "EMB_TETRA": 1,
    "EMB_METAL": 1,
    "PLASTIQUE": 1,
    "PAPIER": 1,
    "LATITUDE": 43.6564701091035,
    "LONGITUDE": -1.44201269213969,
    "TEXTILES": 1
  },
  {
    "InseeCommune": 40065,
    "Nom": "Oceanide",
    "Rue": "Avenue des Alouettes",
    "PILE": 1,
    "VERRE": 1,
    "EMB_TETRA": 1,
    "EMB_METAL": 1,
    "PLASTIQUE": 1,
    "PAPIER": 1,
    "LATITUDE": 43.6354706107167,
    "LONGITUDE": -1.44272268689187,
    "TEXTILES": 0
  },
  {
    "InseeCommune": 40065,
    "Nom": "Port",
    "Rue": "Parking Quai du Bourret",
    "PILE": 1,
    "VERRE": 1,
    "EMB_TETRA": 1,
    "EMB_METAL": 1,
    "PLASTIQUE": 1,
    "PAPIER": 1,
    "LATITUDE": 43.6538835478399,
    "LONGITUDE": -1.43459790118862,
    "TEXTILES": 1
  },
  {
    "InseeCommune": 40065,
    "Nom": "Port-Capitainerie",
    "Rue": "Avenue du Président Pompidou",
    "PILE": 0,
    "VERRE": 1,
    "EMB_TETRA": 0,
    "EMB_METAL": 0,
    "PLASTIQUE": 0,
    "PAPIER": 1,
    "LATITUDE": 43.6531815276015,
    "LONGITUDE": -1.43934954201781,
    "TEXTILES": 0
  },
  {
    "InseeCommune": 40065,
    "Nom": "R Paradise Ocean",
    "Rue": "Paradise Océan",
    "PILE": 1,
    "VERRE": 1,
    "EMB_TETRA": 1,
    "EMB_METAL": 1,
    "PLASTIQUE": 1,
    "PAPIER": 1,
    "LATITUDE": 43.6350541359757,
    "LONGITUDE": -1.44041357750677,
    "TEXTILES": 0
  },
  {
    "InseeCommune": 40065,
    "Nom": "Station Commandant l'Herminier",
    "Rue": "Rue du Commandant L Herminier",
    "PILE": 0,
    "VERRE": 1,
    "EMB_TETRA": 1,
    "EMB_METAL": 1,
    "PLASTIQUE": 1,
    "PAPIER": 1,
    "LATITUDE": 43.6496274517618,
    "LONGITUDE": -1.43907093474104,
    "TEXTILES": 0
  },
  {
    "InseeCommune": 40065,
    "Nom": "Station du Boudigau",
    "Rue": "Allées Marines",
    "PILE": 0,
    "VERRE": 2,
    "EMB_TETRA": 2,
    "EMB_METAL": 1,
    "PLASTIQUE": 2,
    "PAPIER": 1,
    "LATITUDE": 43.6379313422032,
    "LONGITUDE": -1.4300174948716,
    "TEXTILES": 0
  },
  {
    "InseeCommune": 40065,
    "Nom": "Val De Mariotte",
    "Rue": "Rue des Resiniers",
    "PILE": 1,
    "VERRE": 2,
    "EMB_TETRA": 3,
    "EMB_METAL": 1,
    "PLASTIQUE": 3,
    "PAPIER": 1,
    "LATITUDE": 43.6497299359346,
    "LONGITUDE": -1.41230821611164,
    "TEXTILES": 0
  },
  {
    "InseeCommune": 40075,
    "Nom": "Dechetterie",
    "Rue": "D42",
    "PILE": 0,
    "VERRE": 1,
    "EMB_TETRA": 1,
    "EMB_METAL": 1,
    "PLASTIQUE": 1,
    "PAPIER": 1,
    "LATITUDE": 43.8792845998835,
    "LONGITUDE": -1.11395876306955,
    "TEXTILES": 1
  },
  {
    "InseeCommune": 40075,
    "Nom": "Eco-Qu Mouncaout",
    "Rue": "Rue de la Pailleuse",
    "PILE": 1,
    "VERRE": 1,
    "EMB_TETRA": 2,
    "EMB_METAL": 1,
    "PLASTIQUE": 2,
    "PAPIER": 1,
    "LATITUDE": 43.879268235545,
    "LONGITUDE": -1.15317698604414,
    "TEXTILES": 0
  },
  {
    "InseeCommune": 40075,
    "Nom": "Intermarche",
    "Rue": "Rue Jean de Nasse",
    "PILE": 1,
    "VERRE": 1,
    "EMB_TETRA": 1,
    "EMB_METAL": 1,
    "PLASTIQUE": 1,
    "PAPIER": 1,
    "LATITUDE": 43.8760982686107,
    "LONGITUDE": -1.1437091245528,
    "TEXTILES": 0
  },
  {
    "InseeCommune": 40075,
    "Nom": "L Adou",
    "Rue": "Rue de la Grande Lande",
    "PILE": 1,
    "VERRE": 1,
    "EMB_TETRA": 1,
    "EMB_METAL": 1,
    "PLASTIQUE": 1,
    "PAPIER": 1,
    "LATITUDE": 43.8877511501734,
    "LONGITUDE": -1.14181724973428,
    "TEXTILES": 0
  },
  {
    "InseeCommune": 40075,
    "Nom": "La Fontaine Vive",
    "Rue": "Rue des Bruyères",
    "PILE": 1,
    "VERRE": 1,
    "EMB_TETRA": 1,
    "EMB_METAL": 1,
    "PLASTIQUE": 1,
    "PAPIER": 1,
    "LATITUDE": 43.8873524611301,
    "LONGITUDE": -1.14789538026291,
    "TEXTILES": 0
  },
  {
    "InseeCommune": 40075,
    "Nom": "Stade",
    "Rue": "Rue de Galan",
    "PILE": 1,
    "VERRE": 2,
    "EMB_TETRA": 2,
    "EMB_METAL": 1,
    "PLASTIQUE": 2,
    "PAPIER": 1,
    "LATITUDE": 43.8814288031054,
    "LONGITUDE": -1.13748259452677,
    "TEXTILES": 0
  },
  {
    "InseeCommune": 40077,
    "Nom": "Anc Briquetterie",
    "Rue": "ancienne briquetterie",
    "PILE": 1,
    "VERRE": 1,
    "EMB_TETRA": 1,
    "EMB_METAL": 1,
    "PLASTIQUE": 1,
    "PAPIER": 1,
    "LATITUDE": 43.5484470807002,
    "LONGITUDE": -1.05343878066702,
    "TEXTILES": 0
  },
  {
    "InseeCommune": 40077,
    "Nom": "Intermarche",
    "Rue": "Chemin de Larègle",
    "PILE": 1,
    "VERRE": 1,
    "EMB_TETRA": 1,
    "EMB_METAL": 1,
    "PLASTIQUE": 1,
    "PAPIER": 1,
    "LATITUDE": 43.544053183274,
    "LONGITUDE": -1.07587097403641,
    "TEXTILES": 1
  },
  {
    "InseeCommune": 40120,
    "Nom": "Bourg",
    "Rue": "Allée du Belvédère",
    "PILE": 1,
    "VERRE": 2,
    "EMB_TETRA": 2,
    "EMB_METAL": 1,
    "PLASTIQUE": 2,
    "PAPIER": 1,
    "LATITUDE": 43.534819264402,
    "LONGITUDE": -1.14696212461388,
    "TEXTILES": 1
  },
  {
    "InseeCommune": 40129,
    "Nom": "La Za",
    "Rue": "ZA",
    "PILE": 1,
    "VERRE": 1,
    "EMB_TETRA": 1,
    "EMB_METAL": 1,
    "PLASTIQUE": 1,
    "PAPIER": 1,
    "LATITUDE": 43.6527703801505,
    "LONGITUDE": -1.24523986001008,
    "TEXTILES": 0
  },
  {
    "InseeCommune": 40132,
    "Nom": "Haou",
    "Rue": "R DU HOURS",
    "PILE": 1,
    "VERRE": 1,
    "EMB_TETRA": 3,
    "EMB_METAL": 1,
    "PLASTIQUE": 2,
    "PAPIER": 1,
    "LATITUDE": 43.5504932538468,
    "LONGITUDE": -0.982280814183824,
    "TEXTILES": 0
  },
  {
    "InseeCommune": 40132,
    "Nom": "Route De Pouillon",
    "Rue": "RTE DE POUILLON",
    "PILE": 1,
    "VERRE": 1,
    "EMB_TETRA": 3,
    "EMB_METAL": 1,
    "PLASTIQUE": 2,
    "PAPIER": 1,
    "LATITUDE": 43.5506676583646,
    "LONGITUDE": -1.01207647331837,
    "TEXTILES": 0
  },
  {
    "InseeCommune": 40133,
    "Nom": "Boudigau",
    "Rue": "Place Pierre Ducos",
    "PILE": 1,
    "VERRE": 1,
    "EMB_TETRA": 1,
    "EMB_METAL": 1,
    "PLASTIQUE": 1,
    "PAPIER": 1,
    "LATITUDE": 43.5871001114188,
    "LONGITUDE": -1.42813462794146,
    "TEXTILES": 0
  },
  {
    "InseeCommune": 40133,
    "Nom": "Cimetiere",
    "Rue": "Rue des Tilleuls",
    "PILE": 1,
    "VERRE": 1,
    "EMB_TETRA": 1,
    "EMB_METAL": 1,
    "PLASTIQUE": 1,
    "PAPIER": 1,
    "LATITUDE": 43.5950153620536,
    "LONGITUDE": -1.42262850956545,
    "TEXTILES": 1
  },
  {
    "InseeCommune": 40133,
    "Nom": "Dom villa d oyats",
    "Rue": "Avenue du Général de Gaulle",
    "PILE": 1,
    "VERRE": 1,
    "EMB_TETRA": 1,
    "EMB_METAL": 1,
    "PLASTIQUE": 1,
    "PAPIER": 1,
    "LATITUDE": 43.5904908483147,
    "LONGITUDE": -1.42716153875655,
    "TEXTILES": 0
  },
  {
    "InseeCommune": 40133,
    "Nom": "Escale gascogne",
    "Rue": "Rue de Claron",
    "PILE": 0,
    "VERRE": 1,
    "EMB_TETRA": 1,
    "EMB_METAL": 1,
    "PLASTIQUE": 1,
    "PAPIER": 1,
    "LATITUDE": 43.58416508243,
    "LONGITUDE": -1.43043540510182,
    "TEXTILES": 0
  },
  {
    "InseeCommune": 40133,
    "Nom": "L Estele",
    "Rue": "Estèle",
    "PILE": 1,
    "VERRE": 1,
    "EMB_TETRA": 1,
    "EMB_METAL": 1,
    "PLASTIQUE": 1,
    "PAPIER": 1,
    "LATITUDE": 43.5945159673192,
    "LONGITUDE": -1.4385049876051,
    "TEXTILES": 0
  },
  {
    "InseeCommune": 40133,
    "Nom": "L Oasis",
    "Rue": "Route Océane",
    "PILE": 1,
    "VERRE": 2,
    "EMB_TETRA": 2,
    "EMB_METAL": 1,
    "PLASTIQUE": 1,
    "PAPIER": 1,
    "LATITUDE": 43.5943950157708,
    "LONGITUDE": -1.45493860259999,
    "TEXTILES": 0
  },
  {
    "InseeCommune": 40133,
    "Nom": "La Rue Des Pins",
    "Rue": "Rue des Pins",
    "PILE": 1,
    "VERRE": 1,
    "EMB_TETRA": 1,
    "EMB_METAL": 1,
    "PLASTIQUE": 1,
    "PAPIER": 1,
    "LATITUDE": 43.6021215285245,
    "LONGITUDE": -1.43191620751449,
    "TEXTILES": 0
  },
  {
    "InseeCommune": 40133,
    "Nom": "Place Des Landais",
    "Rue": "Place des Landais",
    "PILE": 1,
    "VERRE": 1,
    "EMB_TETRA": 1,
    "EMB_METAL": 1,
    "PLASTIQUE": 1,
    "PAPIER": 1,
    "LATITUDE": 43.595943933227,
    "LONGITUDE": -1.46952020682506,
    "TEXTILES": 0
  },
  {
    "InseeCommune": 40133,
    "Nom": "Resiniers",
    "Rue": "Lotissement Résiniers",
    "PILE": 1,
    "VERRE": 1,
    "EMB_TETRA": 1,
    "EMB_METAL": 1,
    "PLASTIQUE": 1,
    "PAPIER": 1,
    "LATITUDE": 43.5983852807193,
    "LONGITUDE": -1.43405736325729,
    "TEXTILES": 1
  },
  {
    "InseeCommune": 40133,
    "Nom": "Stounicq",
    "Rue": "Rue de Stounicq",
    "PILE": 1,
    "VERRE": 1,
    "EMB_TETRA": 1,
    "EMB_METAL": 1,
    "PLASTIQUE": 1,
    "PAPIER": 1,
    "LATITUDE": 43.5886264019804,
    "LONGITUDE": -1.43066844192878,
    "TEXTILES": 0
  },
  {
    "InseeCommune": 40133,
    "Nom": "Tennis",
    "Rue": "Tennis Labenne",
    "PILE": 1,
    "VERRE": 1,
    "EMB_TETRA": 1,
    "EMB_METAL": 1,
    "PLASTIQUE": 1,
    "PAPIER": 1,
    "LATITUDE": 43.5938993813272,
    "LONGITUDE": -1.45976655270398,
    "TEXTILES": 0
  },
  {
    "InseeCommune": 40133,
    "Nom": "Trinquet",
    "Rue": "Impasse des Merles",
    "PILE": 1,
    "VERRE": 1,
    "EMB_TETRA": 1,
    "EMB_METAL": 1,
    "PLASTIQUE": 1,
    "PAPIER": 1,
    "LATITUDE": 43.5965522248939,
    "LONGITUDE": -1.42774625401335,
    "TEXTILES": 0
  },
  {
    "InseeCommune": 40150,
    "Nom": "Camping Le Gat",
    "Rue": "Route de Laguens",
    "PILE": 1,
    "VERRE": 1,
    "EMB_TETRA": 1,
    "EMB_METAL": 1,
    "PLASTIQUE": 1,
    "PAPIER": 1,
    "LATITUDE": 43.8595744948437,
    "LONGITUDE": -1.27488705867127,
    "TEXTILES": 0
  },
  {
    "InseeCommune": 40150,
    "Nom": "Champion",
    "Rue": "Avenue du Marensin",
    "PILE": 1,
    "VERRE": 1,
    "EMB_TETRA": 1,
    "EMB_METAL": 1,
    "PLASTIQUE": 1,
    "PAPIER": 1,
    "LATITUDE": 43.8783527725005,
    "LONGITUDE": -1.30176205051638,
    "TEXTILES": 0
  },
  {
    "InseeCommune": 40150,
    "Nom": "Ecoles",
    "Rue": "Ecoles",
    "PILE": 1,
    "VERRE": 2,
    "EMB_TETRA": 2,
    "EMB_METAL": 1,
    "PLASTIQUE": 2,
    "PAPIER": 1,
    "LATITUDE": 43.8767251523029,
    "LONGITUDE": -1.30029301939054,
    "TEXTILES": 0
  },
  {
    "InseeCommune": 40150,
    "Nom": "La gare",
    "Rue": "Impasse de la Gare",
    "PILE": 0,
    "VERRE": 1,
    "EMB_TETRA": 2,
    "EMB_METAL": 1,
    "PLASTIQUE": 2,
    "PAPIER": 1,
    "LATITUDE": 43.8720779570971,
    "LONGITUDE": -1.30111100628525,
    "TEXTILES": 0
  },
  {
    "InseeCommune": 40150,
    "Nom": "Stade",
    "Rue": "Avenue du Lac",
    "PILE": 1,
    "VERRE": 1,
    "EMB_TETRA": 1,
    "EMB_METAL": 1,
    "PLASTIQUE": 1,
    "PAPIER": 1,
    "LATITUDE": 43.8838211928333,
    "LONGITUDE": -1.3120958195478,
    "TEXTILES": 0
  },
  {
    "InseeCommune": 40150,
    "Nom": "Vill Ss L Pins Nord",
    "Rue": "Route des Lacs",
    "PILE": 1,
    "VERRE": 2,
    "EMB_TETRA": 1,
    "EMB_METAL": 1,
    "PLASTIQUE": 1,
    "PAPIER": 1,
    "LATITUDE": 43.86407698649,
    "LONGITUDE": -1.32465328224531,
    "TEXTILES": 0
  },
  {
    "InseeCommune": 40150,
    "Nom": "Vill Ss L Pins Sud",
    "Rue": "Route des Lacs",
    "PILE": 1,
    "VERRE": 1,
    "EMB_TETRA": 1,
    "EMB_METAL": 1,
    "PLASTIQUE": 1,
    "PAPIER": 1,
    "LATITUDE": 43.8570264821484,
    "LONGITUDE": -1.31909714662032,
    "TEXTILES": 0
  },
  {
    "InseeCommune": 40154,
    "Nom": "St Dechetterie",
    "Rue": "Accès Déchetterie",
    "PILE": 1,
    "VERRE": 1,
    "EMB_TETRA": 1,
    "EMB_METAL": 1,
    "PLASTIQUE": 1,
    "PAPIER": 1,
    "LATITUDE": 44.0127684160749,
    "LONGITUDE": -1.16987056569258,
    "TEXTILES": 0
  },
  {
    "InseeCommune": 40155,
    "Nom": "Lot Goujon",
    "Rue": "",
    "PILE": 1,
    "VERRE": 1,
    "EMB_TETRA": 2,
    "EMB_METAL": 1,
    "PLASTIQUE": 1,
    "PAPIER": 1,
    "LATITUDE": 43.9277361866952,
    "LONGITUDE": -1.25696150962872,
    "TEXTILES": 0
  },
  {
    "InseeCommune": 40155,
    "Nom": "Percq",
    "Rue": "D42",
    "PILE": 1,
    "VERRE": 1,
    "EMB_TETRA": 1,
    "EMB_METAL": 1,
    "PLASTIQUE": 1,
    "PAPIER": 1,
    "LATITUDE": 43.902333556982,
    "LONGITUDE": -1.22530360804565,
    "TEXTILES": 0
  },
  {
    "InseeCommune": 40155,
    "Nom": "R Des Resiniers",
    "Rue": "Rue des Résiniers",
    "PILE": 1,
    "VERRE": 1,
    "EMB_TETRA": 1,
    "EMB_METAL": 1,
    "PLASTIQUE": 1,
    "PAPIER": 1,
    "LATITUDE": 43.922975132773,
    "LONGITUDE": -1.2485720390347,
    "TEXTILES": 0
  },
  {
    "InseeCommune": 40155,
    "Nom": "Stade",
    "Rue": "Rue du Stade",
    "PILE": 1,
    "VERRE": 1,
    "EMB_TETRA": 2,
    "EMB_METAL": 1,
    "PLASTIQUE": 1,
    "PAPIER": 1,
    "LATITUDE": 43.9191091307274,
    "LONGITUDE": -1.24942246937894,
    "TEXTILES": 1
  },
  {
    "InseeCommune": 40157,
    "Nom": "C.CapD LHomy",
    "Rue": "D88",
    "PILE": 1,
    "VERRE": 3,
    "EMB_TETRA": 2,
    "EMB_METAL": 1,
    "PLASTIQUE": 3,
    "PAPIER": 1,
    "LATITUDE": 44.0378763019934,
    "LONGITUDE": -1.33533738288382,
    "TEXTILES": 0
  },
  {
    "InseeCommune": 40157,
    "Nom": "CAP D L HOMY R D la Foret",
    "Rue": "Rue de la Forêt",
    "PILE": 0,
    "VERRE": 2,
    "EMB_TETRA": 2,
    "EMB_METAL": 1,
    "PLASTIQUE": 2,
    "PAPIER": 1,
    "LATITUDE": 44.0373999947185,
    "LONGITUDE": -1.3378501052175,
    "TEXTILES": 0
  },
  {
    "InseeCommune": 40157,
    "Nom": "L Homy D Ahas",
    "Rue": "Chemin de Montago",
    "PILE": 0,
    "VERRE": 1,
    "EMB_TETRA": 1,
    "EMB_METAL": 1,
    "PLASTIQUE": 1,
    "PAPIER": 1,
    "LATITUDE": 44.0330194790041,
    "LONGITUDE": -1.26215266819932,
    "TEXTILES": 0
  },
  {
    "InseeCommune": 40157,
    "Nom": "Lot Hapchot",
    "Rue": "Lotissement Lou Hapchot",
    "PILE": 1,
    "VERRE": 1,
    "EMB_TETRA": 1,
    "EMB_METAL": 1,
    "PLASTIQUE": 1,
    "PAPIER": 1,
    "LATITUDE": 44.0408759939091,
    "LONGITUDE": -1.27310560846754,
    "TEXTILES": 0
  },
  {
    "InseeCommune": 40157,
    "Nom": "Pelindres",
    "Rue": "D403",
    "PILE": 1,
    "VERRE": 1,
    "EMB_TETRA": 1,
    "EMB_METAL": 1,
    "PLASTIQUE": 1,
    "PAPIER": 1,
    "LATITUDE": 44.0803448502191,
    "LONGITUDE": -1.31264147479006,
    "TEXTILES": 0
  },
  {
    "InseeCommune": 40157,
    "Nom": "Pelindres 2",
    "Rue": "D403",
    "PILE": 0,
    "VERRE": 1,
    "EMB_TETRA": 1,
    "EMB_METAL": 1,
    "PLASTIQUE": 1,
    "PAPIER": 1,
    "LATITUDE": 44.0782106240346,
    "LONGITUDE": -1.3132274257596,
    "TEXTILES": 0
  },
  {
    "InseeCommune": 40157,
    "Nom": "Salle Des Fetes",
    "Rue": "Route du Gemie",
    "PILE": 1,
    "VERRE": 1,
    "EMB_TETRA": 2,
    "EMB_METAL": 1,
    "PLASTIQUE": 1,
    "PAPIER": 1,
    "LATITUDE": 43.9921746982526,
    "LONGITUDE": -1.27253649779939,
    "TEXTILES": 0
  },
  {
    "InseeCommune": 40157,
    "Nom": "Station de l'église",
    "Rue": "Rue de l Homy d Ahas",
    "PILE": 1,
    "VERRE": 2,
    "EMB_TETRA": 2,
    "EMB_METAL": 1,
    "PLASTIQUE": 2,
    "PAPIER": 1,
    "LATITUDE": 44.0348548385801,
    "LONGITUDE": -1.25947350769989,
    "TEXTILES": 1
  },
  {
    "InseeCommune": 40168,
    "Nom": "Cimetiere",
    "Rue": "Rue Brémontier",
    "PILE": 1,
    "VERRE": 1,
    "EMB_TETRA": 2,
    "EMB_METAL": 1,
    "PLASTIQUE": 2,
    "PAPIER": 1,
    "LATITUDE": 43.7770068992365,
    "LONGITUDE": -1.2160414170163,
    "TEXTILES": 1
  },
  {
    "InseeCommune": 40168,
    "Nom": "R Rives De Magescq",
    "Rue": "Rue de la Gare",
    "PILE": 1,
    "VERRE": 1,
    "EMB_TETRA": 1,
    "EMB_METAL": 1,
    "PLASTIQUE": 1,
    "PAPIER": 1,
    "LATITUDE": 43.7841234366515,
    "LONGITUDE": -1.22076343136105,
    "TEXTILES": 0
  },
  {
    "InseeCommune": 40181,
    "Nom": "C. Marina",
    "Rue": "Route Plage Sud",
    "PILE": 1,
    "VERRE": 3,
    "EMB_TETRA": 3,
    "EMB_METAL": 1,
    "PLASTIQUE": 2,
    "PAPIER": 1,
    "LATITUDE": 43.7968700122753,
    "LONGITUDE": -1.39550814332542,
    "TEXTILES": 0
  },
  {
    "InseeCommune": 40181,
    "Nom": "C.L Pignada",
    "Rue": "Pey de l'Ancre",
    "PILE": 1,
    "VERRE": 2,
    "EMB_TETRA": 2,
    "EMB_METAL": 1,
    "PLASTIQUE": 2,
    "PAPIER": 2,
    "LATITUDE": 43.7976016393885,
    "LONGITUDE": -1.38327499984674,
    "TEXTILES": 0
  },
  {
    "InseeCommune": 40181,
    "Nom": "C.Vieux Port",
    "Rue": "Route Plage Sud",
    "PILE": 2,
    "VERRE": 6,
    "EMB_TETRA": 4,
    "EMB_METAL": 2,
    "PLASTIQUE": 7,
    "PAPIER": 2,
    "LATITUDE": 43.7980723760726,
    "LONGITUDE": -1.39903410826125,
    "TEXTILES": 0
  },
  {
    "InseeCommune": 40181,
    "Nom": "Bourg",
    "Rue": "Route Nationale d Arcachon",
    "PILE": 1,
    "VERRE": 1,
    "EMB_TETRA": 1,
    "EMB_METAL": 1,
    "PLASTIQUE": 1,
    "PAPIER": 1,
    "LATITUDE": 43.812922185693,
    "LONGITUDE": -1.37830671349602,
    "TEXTILES": 1
  },
  {
    "InseeCommune": 40181,
    "Nom": "C.Le Moussaillon",
    "Rue": "Route Nationale d Arcachon",
    "PILE": 1,
    "VERRE": 1,
    "EMB_TETRA": 1,
    "EMB_METAL": 1,
    "PLASTIQUE": 1,
    "PAPIER": 1,
    "LATITUDE": 43.8118559610322,
    "LONGITUDE": -1.37845864044588,
    "TEXTILES": 0
  },
  {
    "InseeCommune": 40181,
    "Nom": "C.Les Acacias",
    "Rue": "Camping Les Acacias",
    "PILE": 1,
    "VERRE": 1,
    "EMB_TETRA": 1,
    "EMB_METAL": 1,
    "PLASTIQUE": 1,
    "PAPIER": 1,
    "LATITUDE": 43.7979286342375,
    "LONGITUDE": -1.37568842845817,
    "TEXTILES": 0
  },
  {
    "InseeCommune": 40181,
    "Nom": "Dechetterie",
    "Rue": "Accès déchetterie",
    "PILE": 0,
    "VERRE": 1,
    "EMB_TETRA": 1,
    "EMB_METAL": 1,
    "PLASTIQUE": 1,
    "PAPIER": 1,
    "LATITUDE": 43.8250018378175,
    "LONGITUDE": -1.3249870310793,
    "TEXTILES": 1
  },
  {
    "InseeCommune": 40181,
    "Nom": "La Plage",
    "Rue": "Plage",
    "PILE": 1,
    "VERRE": 1,
    "EMB_TETRA": 1,
    "EMB_METAL": 1,
    "PLASTIQUE": 1,
    "PAPIER": 1,
    "LATITUDE": 43.8152037438698,
    "LONGITUDE": -1.40106797393369,
    "TEXTILES": 0
  },
  {
    "InseeCommune": 40181,
    "Nom": "Moisan",
    "Rue": "Avenue de Moisan",
    "PILE": 0,
    "VERRE": 1,
    "EMB_TETRA": 1,
    "EMB_METAL": 1,
    "PLASTIQUE": 1,
    "PAPIER": 1,
    "LATITUDE": 43.8151967875233,
    "LONGITUDE": -1.38720141001394,
    "TEXTILES": 0
  },
  {
    "InseeCommune": 40181,
    "Nom": "Super U",
    "Rue": "D652",
    "PILE": 1,
    "VERRE": 1,
    "EMB_TETRA": 1,
    "EMB_METAL": 1,
    "PLASTIQUE": 1,
    "PAPIER": 1,
    "LATITUDE": 43.79551794779,
    "LONGITUDE": -1.39025553044673,
    "TEXTILES": 0
  },
  {
    "InseeCommune": 40187,
    "Nom": "C.Cigal Huch",
    "Rue": "Rue de l Embouchure",
    "PILE": 0,
    "VERRE": 4,
    "EMB_TETRA": 3,
    "EMB_METAL": 3,
    "PLASTIQUE": 2,
    "PAPIER": 1,
    "LATITUDE": 43.8536892492625,
    "LONGITUDE": -1.37760502886698,
    "TEXTILES": 0
  },
  {
    "InseeCommune": 40187,
    "Nom": "Av Chambrelent",
    "Rue": "Avenue Chambrelent",
    "PILE": 1,
    "VERRE": 1,
    "EMB_TETRA": 1,
    "EMB_METAL": 1,
    "PLASTIQUE": 1,
    "PAPIER": 1,
    "LATITUDE": 43.8519146560632,
    "LONGITUDE": -1.37395543042064,
    "TEXTILES": 0
  },
  {
    "InseeCommune": 40187,
    "Nom": "Bourg",
    "Rue": "Avenue de l Océan",
    "PILE": 1,
    "VERRE": 1,
    "EMB_TETRA": 3,
    "EMB_METAL": 1,
    "PLASTIQUE": 2,
    "PAPIER": 1,
    "LATITUDE": 43.8516308843328,
    "LONGITUDE": -1.36024743563114,
    "TEXTILES": 0
  },
  {
    "InseeCommune": 40187,
    "Nom": "Centre Seminaire",
    "Rue": "Centre Séminaire",
    "PILE": 1,
    "VERRE": 3,
    "EMB_TETRA": 3,
    "EMB_METAL": 1,
    "PLASTIQUE": 3,
    "PAPIER": 2,
    "LATITUDE": 43.84865344791,
    "LONGITUDE": -1.38747513407418,
    "TEXTILES": 0
  },
  {
    "InseeCommune": 40187,
    "Nom": "Club Roy O Prade",
    "Rue": "Rue de la Lette",
    "PILE": 1,
    "VERRE": 1,
    "EMB_TETRA": 1,
    "EMB_METAL": 1,
    "PLASTIQUE": 1,
    "PAPIER": 1,
    "LATITUDE": 43.8423093432943,
    "LONGITUDE": -1.37787797573146,
    "TEXTILES": 0
  },
  {
    "InseeCommune": 40187,
    "Nom": "Lot Chenes Lieges",
    "Rue": "Avenue des Lacs",
    "PILE": 1,
    "VERRE": 1,
    "EMB_TETRA": 2,
    "EMB_METAL": 1,
    "PLASTIQUE": 1,
    "PAPIER": 1,
    "LATITUDE": 43.843281476607,
    "LONGITUDE": -1.36146727128953,
    "TEXTILES": 0
  },
  {
    "InseeCommune": 40187,
    "Nom": "Maeva Res Mar Grama",
    "Rue": "Rue des Craquillots",
    "PILE": 0,
    "VERRE": 2,
    "EMB_TETRA": 2,
    "EMB_METAL": 2,
    "PLASTIQUE": 2,
    "PAPIER": 2,
    "LATITUDE": 43.8434784790117,
    "LONGITUDE": -1.37085762670506,
    "TEXTILES": 0
  },
  {
    "InseeCommune": 40187,
    "Nom": "Route D Azur",
    "Rue": "Rue du General de Gaulle",
    "PILE": 0,
    "VERRE": 1,
    "EMB_TETRA": 1,
    "EMB_METAL": 1,
    "PLASTIQUE": 1,
    "PAPIER": 1,
    "LATITUDE": 43.8428370893075,
    "LONGITUDE": -1.35344761910318,
    "TEXTILES": 0
  },
  {
    "InseeCommune": 40187,
    "Nom": "Tucs",
    "Rue": "Avenue de l Océan",
    "PILE": 0,
    "VERRE": 1,
    "EMB_TETRA": 1,
    "EMB_METAL": 1,
    "PLASTIQUE": 1,
    "PAPIER": 1,
    "LATITUDE": 43.8510180316742,
    "LONGITUDE": -1.382086852615,
    "TEXTILES": 0
  },
  {
    "InseeCommune": 40187,
    "Nom": "Village Ocean",
    "Rue": "Rue Bremontier",
    "PILE": 1,
    "VERRE": 1,
    "EMB_TETRA": 1,
    "EMB_METAL": 1,
    "PLASTIQUE": 1,
    "PAPIER": 1,
    "LATITUDE": 43.8423072793551,
    "LONGITUDE": -1.38451454432128,
    "TEXTILES": 0
  },
  {
    "InseeCommune": 40206,
    "Nom": "Bourg",
    "Rue": "Bourg",
    "PILE": 1,
    "VERRE": 1,
    "EMB_TETRA": 1,
    "EMB_METAL": 1,
    "PLASTIQUE": 1,
    "PAPIER": 1,
    "LATITUDE": 43.5350300373654,
    "LONGITUDE": -1.09816488547237,
    "TEXTILES": 0
  },
  {
    "InseeCommune": 40209,
    "Nom": "Camping car",
    "Rue": "Avenue de la Plage",
    "PILE": 0,
    "VERRE": 1,
    "EMB_TETRA": 1,
    "EMB_METAL": 1,
    "PLASTIQUE": 1,
    "PAPIER": 1,
    "LATITUDE": 43.5756589554041,
    "LONGITUDE": -1.48303212833722,
    "TEXTILES": 0
  },
  {
    "InseeCommune": 40209,
    "Nom": "L'Ecole Maternelle",
    "Rue": "Place Richard Feuillet",
    "PILE": 1,
    "VERRE": 1,
    "EMB_TETRA": 1,
    "EMB_METAL": 1,
    "PLASTIQUE": 1,
    "PAPIER": 1,
    "LATITUDE": 43.5616787664369,
    "LONGITUDE": -1.44543871479922,
    "TEXTILES": 0
  },
  {
    "InseeCommune": 40209,
    "Nom": "Les Hauts du lac",
    "Rue": "Rue Lucien Danglade",
    "PILE": 1,
    "VERRE": 1,
    "EMB_TETRA": 1,
    "EMB_METAL": 1,
    "PLASTIQUE": 1,
    "PAPIER": 1,
    "LATITUDE": 43.5634373098678,
    "LONGITUDE": -1.45397752365152,
    "TEXTILES": 0
  },
  {
    "InseeCommune": 40209,
    "Nom": "Pins D Ondres",
    "Rue": "Rue Georges Lafont",
    "PILE": 1,
    "VERRE": 2,
    "EMB_TETRA": 2,
    "EMB_METAL": 1,
    "PLASTIQUE": 2,
    "PAPIER": 1,
    "LATITUDE": 43.5656885103883,
    "LONGITUDE": -1.46329029817871,
    "TEXTILES": 0
  },
  {
    "InseeCommune": 40209,
    "Nom": "R Allee D Dunes",
    "Rue": "Allee des Dunes",
    "PILE": 1,
    "VERRE": 1,
    "EMB_TETRA": 1,
    "EMB_METAL": 1,
    "PLASTIQUE": 1,
    "PAPIER": 1,
    "LATITUDE": 43.5732125606285,
    "LONGITUDE": -1.47026692873249,
    "TEXTILES": 0
  },
  {
    "InseeCommune": 40209,
    "Nom": "Route De Beyres",
    "Rue": "Route de Beyres",
    "PILE": 1,
    "VERRE": 1,
    "EMB_TETRA": 1,
    "EMB_METAL": 1,
    "PLASTIQUE": 1,
    "PAPIER": 1,
    "LATITUDE": 43.5657646109244,
    "LONGITUDE": -1.43433022764628,
    "TEXTILES": 0
  },
  {
    "InseeCommune": 40209,
    "Nom": "Sainte Claire",
    "Rue": "Chemin de Sainte-Claire",
    "PILE": 0,
    "VERRE": 1,
    "EMB_TETRA": 1,
    "EMB_METAL": 1,
    "PLASTIQUE": 1,
    "PAPIER": 1,
    "LATITUDE": 43.5663859311901,
    "LONGITUDE": -1.44246406706328,
    "TEXTILES": 0
  },
  {
    "InseeCommune": 40209,
    "Nom": "Stade",
    "Rue": "Avenue de la Plage",
    "PILE": 1,
    "VERRE": 2,
    "EMB_TETRA": 2,
    "EMB_METAL": 1,
    "PLASTIQUE": 2,
    "PAPIER": 1,
    "LATITUDE": 43.5678099145208,
    "LONGITUDE": -1.45308056029294,
    "TEXTILES": 1
  },
  {
    "InseeCommune": 40209,
    "Nom": "Station les Embruns",
    "Rue": "Quartier des Embruns",
    "PILE": 1,
    "VERRE": 1,
    "EMB_TETRA": 1,
    "EMB_METAL": 1,
    "PLASTIQUE": 1,
    "PAPIER": 1,
    "LATITUDE": 43.5724316819384,
    "LONGITUDE": -1.45149605153652,
    "TEXTILES": 0
  },
  {
    "InseeCommune": 40211,
    "Nom": "Dechetterie",
    "Rue": "D17",
    "PILE": 1,
    "VERRE": 1,
    "EMB_TETRA": 1,
    "EMB_METAL": 1,
    "PLASTIQUE": 1,
    "PAPIER": 1,
    "LATITUDE": 43.647518074833,
    "LONGITUDE": -1.18184604665553,
    "TEXTILES": 1
  },
  {
    "InseeCommune": 40211,
    "Nom": "Sarthou",
    "Rue": "Route du Treuil",
    "PILE": 1,
    "VERRE": 1,
    "EMB_TETRA": 1,
    "EMB_METAL": 1,
    "PLASTIQUE": 1,
    "PAPIER": 1,
    "LATITUDE": 43.6415033449526,
    "LONGITUDE": -1.1768464947494,
    "TEXTILES": 0
  },
  {
    "InseeCommune": 40212,
    "Nom": "Dechetterie",
    "Rue": "D33",
    "PILE": 0,
    "VERRE": 1,
    "EMB_TETRA": 1,
    "EMB_METAL": 1,
    "PLASTIQUE": 1,
    "PAPIER": 1,
    "LATITUDE": 43.5869461777377,
    "LONGITUDE": -1.14551856053196,
    "TEXTILES": 1
  },
  {
    "InseeCommune": 40212,
    "Nom": "Tourneur",
    "Rue": "Impasse du Tourneur",
    "PILE": 1,
    "VERRE": 1,
    "EMB_TETRA": 1,
    "EMB_METAL": 1,
    "PLASTIQUE": 1,
    "PAPIER": 1,
    "LATITUDE": 43.5617545403686,
    "LONGITUDE": -1.14292742001288,
    "TEXTILES": 0
  },
  {
    "InseeCommune": 40212,
    "Nom": "station bourg 2",
    "Rue": "Route de la Sablière",
    "PILE": 1,
    "VERRE": 1,
    "EMB_TETRA": 2,
    "EMB_METAL": 1,
    "PLASTIQUE": 2,
    "PAPIER": 1,
    "LATITUDE": 43.5495460397868,
    "LONGITUDE": -1.14012014970767,
    "TEXTILES": 0
  },
  {
    "InseeCommune": 40213,
    "Nom": "Bourg",
    "Rue": "D71",
    "PILE": 1,
    "VERRE": 1,
    "EMB_TETRA": 1,
    "EMB_METAL": 1,
    "PLASTIQUE": 1,
    "PAPIER": 1,
    "LATITUDE": 43.6027776414193,
    "LONGITUDE": -1.36233111090049,
    "TEXTILES": 0
  },
  {
    "InseeCommune": 40222,
    "Nom": "Bel-Air",
    "Rue": "Bel-Air",
    "PILE": 1,
    "VERRE": 1,
    "EMB_TETRA": 1,
    "EMB_METAL": 1,
    "PLASTIQUE": 1,
    "PAPIER": 1,
    "LATITUDE": 43.6151787525558,
    "LONGITUDE": -1.20638492910861,
    "TEXTILES": 0
  },
  {
    "InseeCommune": 40222,
    "Nom": "Services Techn",
    "Rue": "Le Cassouat",
    "PILE": 1,
    "VERRE": 1,
    "EMB_TETRA": 1,
    "EMB_METAL": 1,
    "PLASTIQUE": 1,
    "PAPIER": 1,
    "LATITUDE": 43.6187710786749,
    "LONGITUDE": -1.19406165996548,
    "TEXTILES": 0
  },
  {
    "InseeCommune": 40224,
    "Nom": "Dechetterie",
    "Rue": "Route Déchetterie",
    "PILE": 0,
    "VERRE": 1,
    "EMB_TETRA": 1,
    "EMB_METAL": 1,
    "PLASTIQUE": 1,
    "PAPIER": 1,
    "LATITUDE": 43.5739303029756,
    "LONGITUDE": -1.08434176305699,
    "TEXTILES": 1
  },
  {
    "InseeCommune": 40224,
    "Nom": "La Route De Belus",
    "Rue": "Avenue du Colonel Lartigue",
    "PILE": 1,
    "VERRE": 1,
    "EMB_TETRA": 2,
    "EMB_METAL": 1,
    "PLASTIQUE": 2,
    "PAPIER": 1,
    "LATITUDE": 43.5518732575159,
    "LONGITUDE": -1.12065128150267,
    "TEXTILES": 0
  },
  {
    "InseeCommune": 40224,
    "Nom": "Sablot",
    "Rue": "Rue du Sablot",
    "PILE": 1,
    "VERRE": 1,
    "EMB_TETRA": 1,
    "EMB_METAL": 1,
    "PLASTIQUE": 2,
    "PAPIER": 1,
    "LATITUDE": 43.5435230523355,
    "LONGITUDE": -1.10020719085953,
    "TEXTILES": 1
  },
  {
    "InseeCommune": 40224,
    "Nom": "Salle D Aspremont",
    "Rue": "Rue du Château",
    "PILE": 0,
    "VERRE": 1,
    "EMB_TETRA": 1,
    "EMB_METAL": 1,
    "PLASTIQUE": 1,
    "PAPIER": 1,
    "LATITUDE": 43.5443229548617,
    "LONGITUDE": -1.10302732085306,
    "TEXTILES": 1
  },
  {
    "InseeCommune": 40224,
    "Nom": "Sallenave",
    "Rue": "Route des Pyrénées",
    "PILE": 1,
    "VERRE": 1,
    "EMB_TETRA": 1,
    "EMB_METAL": 1,
    "PLASTIQUE": 1,
    "PAPIER": 1,
    "LATITUDE": 43.5421787109977,
    "LONGITUDE": -1.1051650645149,
    "TEXTILES": 0
  },
  {
    "InseeCommune": 40224,
    "Nom": "Stade",
    "Rue": "Avenue Pierre Labat",
    "PILE": 1,
    "VERRE": 1,
    "EMB_TETRA": 2,
    "EMB_METAL": 1,
    "PLASTIQUE": 2,
    "PAPIER": 1,
    "LATITUDE": 43.5470426949018,
    "LONGITUDE": -1.09284499418621,
    "TEXTILES": 0
  },
  {
    "InseeCommune": 40224,
    "Nom": "Supermarket",
    "Rue": "Rue de l Arriou",
    "PILE": 1,
    "VERRE": 1,
    "EMB_TETRA": 2,
    "EMB_METAL": 1,
    "PLASTIQUE": 2,
    "PAPIER": 1,
    "LATITUDE": 43.5515101517134,
    "LONGITUDE": -1.12375519746829,
    "TEXTILES": 1
  },
  {
    "InseeCommune": 40224,
    "Nom": "Ygaas De Haout",
    "Rue": "Chemin de Larègle",
    "PILE": 1,
    "VERRE": 1,
    "EMB_TETRA": 1,
    "EMB_METAL": 1,
    "PLASTIQUE": 1,
    "PAPIER": 1,
    "LATITUDE": 43.5531556438473,
    "LONGITUDE": -1.10591704368702,
    "TEXTILES": 0
  },
  {
    "InseeCommune": 40231,
    "Nom": "La Z.A.",
    "Rue": "ZA",
    "PILE": 1,
    "VERRE": 2,
    "EMB_TETRA": 2,
    "EMB_METAL": 1,
    "PLASTIQUE": 2,
    "PAPIER": 1,
    "LATITUDE": 43.5662049259167,
    "LONGITUDE": -1.17062911481586,
    "TEXTILES": 1
  },
  {
    "InseeCommune": 40248,
    "Nom": "Camiade",
    "Rue": "Camiade",
    "PILE": 1,
    "VERRE": 1,
    "EMB_TETRA": 2,
    "EMB_METAL": 1,
    "PLASTIQUE": 2,
    "PAPIER": 1,
    "LATITUDE": 43.5574796895238,
    "LONGITUDE": -1.35453543272565,
    "TEXTILES": 0
  },
  {
    "InseeCommune": 40248,
    "Nom": "Peyrehette",
    "Rue": "Route de Peyrehette",
    "PILE": 1,
    "VERRE": 1,
    "EMB_TETRA": 1,
    "EMB_METAL": 1,
    "PLASTIQUE": 1,
    "PAPIER": 1,
    "LATITUDE": 43.5628761754002,
    "LONGITUDE": -1.35331224918252,
    "TEXTILES": 1
  },
  {
    "InseeCommune": 40251,
    "Nom": "Palis",
    "Rue": "D154",
    "PILE": 1,
    "VERRE": 1,
    "EMB_TETRA": 1,
    "EMB_METAL": 1,
    "PLASTIQUE": 1,
    "PAPIER": 1,
    "LATITUDE": 43.511915283989,
    "LONGITUDE": -1.32280965671366,
    "TEXTILES": 0
  },
  {
    "InseeCommune": 40254,
    "Nom": "Bourg",
    "Rue": "Bourg",
    "PILE": 1,
    "VERRE": 1,
    "EMB_TETRA": 2,
    "EMB_METAL": 1,
    "PLASTIQUE": 2,
    "PAPIER": 1,
    "LATITUDE": 43.5356967564366,
    "LONGITUDE": -1.01328908964919,
    "TEXTILES": 0
  },
  {
    "InseeCommune": 40256,
    "Nom": "Han La Cuma",
    "Rue": "Route de Roques",
    "PILE": 1,
    "VERRE": 1,
    "EMB_TETRA": 1,
    "EMB_METAL": 1,
    "PLASTIQUE": 1,
    "PAPIER": 1,
    "LATITUDE": 43.5868465487398,
    "LONGITUDE": -1.18193855817631,
    "TEXTILES": 0
  },
  {
    "InseeCommune": 40261,
    "Nom": "L Eglise",
    "Rue": "Place de la Clairière",
    "PILE": 1,
    "VERRE": 2,
    "EMB_TETRA": 2,
    "EMB_METAL": 1,
    "PLASTIQUE": 2,
    "PAPIER": 1,
    "LATITUDE": 43.6885129814473,
    "LONGITUDE": -1.22877569981484,
    "TEXTILES": 0
  },
  {
    "InseeCommune": 40261,
    "Nom": "Lot Ceres",
    "Rue": "Rue de la Forêt",
    "PILE": 0,
    "VERRE": 1,
    "EMB_TETRA": 1,
    "EMB_METAL": 1,
    "PLASTIQUE": 1,
    "PAPIER": 1,
    "LATITUDE": 43.6942062391913,
    "LONGITUDE": -1.22866281500053,
    "TEXTILES": 0
  },
  {
    "InseeCommune": 40261,
    "Nom": "Lot Le Tuc 1",
    "Rue": "Rue des Dahlias",
    "PILE": 1,
    "VERRE": 2,
    "EMB_TETRA": 2,
    "EMB_METAL": 1,
    "PLASTIQUE": 2,
    "PAPIER": 1,
    "LATITUDE": 43.683908989343,
    "LONGITUDE": -1.23207455204913,
    "TEXTILES": 0
  },
  {
    "InseeCommune": 40261,
    "Nom": "Salle Polyvalente",
    "Rue": "Allée des Albizzias",
    "PILE": 1,
    "VERRE": 1,
    "EMB_TETRA": 1,
    "EMB_METAL": 1,
    "PLASTIQUE": 1,
    "PAPIER": 1,
    "LATITUDE": 43.6906426257291,
    "LONGITUDE": -1.22402102541183,
    "TEXTILES": 0
  },
  {
    "InseeCommune": 40261,
    "Nom": "domaine du lavoir",
    "Rue": "Route de Bordeaux",
    "PILE": 0,
    "VERRE": 1,
    "EMB_TETRA": 1,
    "EMB_METAL": 1,
    "PLASTIQUE": 1,
    "PAPIER": 1,
    "LATITUDE": 43.6911394041202,
    "LONGITUDE": -1.22919943824377,
    "TEXTILES": 0
  },
  {
    "InseeCommune": 40264,
    "Nom": "Bourg",
    "Rue": "Sallenave",
    "PILE": 1,
    "VERRE": 1,
    "EMB_TETRA": 2,
    "EMB_METAL": 1,
    "PLASTIQUE": 2,
    "PAPIER": 1,
    "LATITUDE": 43.6218102785701,
    "LONGITUDE": -1.26026620871297,
    "TEXTILES": 1
  },
  {
    "InseeCommune": 40264,
    "Nom": "Dechetterie",
    "Rue": "Route accès déchetterie",
    "PILE": 0,
    "VERRE": 1,
    "EMB_TETRA": 1,
    "EMB_METAL": 1,
    "PLASTIQUE": 1,
    "PAPIER": 1,
    "LATITUDE": 43.6135661645328,
    "LONGITUDE": -1.29386414472714,
    "TEXTILES": 1
  },
  {
    "InseeCommune": 40264,
    "Nom": "Lot Mounayre",
    "Rue": "Route de Latourne",
    "PILE": 0,
    "VERRE": 1,
    "EMB_TETRA": 2,
    "EMB_METAL": 1,
    "PLASTIQUE": 2,
    "PAPIER": 1,
    "LATITUDE": 43.6233690590719,
    "LONGITUDE": -1.26379144854554,
    "TEXTILES": 0
  },
  {
    "InseeCommune": 40266,
    "Nom": "C.La Passerelle",
    "Rue": "Route des Lacs",
    "PILE": 0,
    "VERRE": 1,
    "EMB_TETRA": 1,
    "EMB_METAL": 1,
    "PLASTIQUE": 1,
    "PAPIER": 1,
    "LATITUDE": 44.0686430177009,
    "LONGITUDE": -1.22958580364194,
    "TEXTILES": 0
  },
  {
    "InseeCommune": 40266,
    "Nom": "Siblu St C.LetFleuri",
    "Rue": "Camping \"La lette fleurie",
    "PILE": 1,
    "VERRE": 2,
    "EMB_TETRA": 2,
    "EMB_METAL": 1,
    "PLASTIQUE": 3,
    "PAPIER": 1,
    "LATITUDE": 44.080894195143,
    "LONGITUDE": -1.26130106793187,
    "TEXTILES": 0
  },
  {
    "InseeCommune": 40266,
    "Nom": "Bourg route de Mezos",
    "Rue": "bourg Route de Mezos",
    "PILE": 1,
    "VERRE": 1,
    "EMB_TETRA": 2,
    "EMB_METAL": 1,
    "PLASTIQUE": 1,
    "PAPIER": 1,
    "LATITUDE": 44.0629254752159,
    "LONGITUDE": -1.22421883040734,
    "TEXTILES": 0
  },
  {
    "InseeCommune": 40266,
    "Nom": "Contis Plage",
    "Rue": "Rue du Phare",
    "PILE": 1,
    "VERRE": 2,
    "EMB_TETRA": 2,
    "EMB_METAL": 1,
    "PLASTIQUE": 2,
    "PAPIER": 1,
    "LATITUDE": 44.0936125238786,
    "LONGITUDE": -1.318738505904,
    "TEXTILES": 0
  },
  {
    "InseeCommune": 40266,
    "Nom": "Le Stade",
    "Rue": "Route du Stade",
    "PILE": 1,
    "VERRE": 1,
    "EMB_TETRA": 2,
    "EMB_METAL": 1,
    "PLASTIQUE": 1,
    "PAPIER": 1,
    "LATITUDE": 44.0689903302388,
    "LONGITUDE": -1.23434912493201,
    "TEXTILES": 0
  },
  {
    "InseeCommune": 40266,
    "Nom": "Lot Des Fleurs",
    "Rue": "Rue des Bouleaux",
    "PILE": 1,
    "VERRE": 1,
    "EMB_TETRA": 1,
    "EMB_METAL": 1,
    "PLASTIQUE": 1,
    "PAPIER": 1,
    "LATITUDE": 44.079147288136,
    "LONGITUDE": -1.25840422404666,
    "TEXTILES": 0
  },
  {
    "InseeCommune": 40266,
    "Nom": "Lot Du Phare",
    "Rue": "Rue des Cochevis",
    "PILE": 1,
    "VERRE": 1,
    "EMB_TETRA": 1,
    "EMB_METAL": 1,
    "PLASTIQUE": 2,
    "PAPIER": 1,
    "LATITUDE": 44.0898294269815,
    "LONGITUDE": -1.3144655698839,
    "TEXTILES": 0
  },
  {
    "InseeCommune": 40266,
    "Nom": "Nasses",
    "Rue": "Route du Tailleur",
    "PILE": 1,
    "VERRE": 1,
    "EMB_TETRA": 1,
    "EMB_METAL": 1,
    "PLASTIQUE": 1,
    "PAPIER": 1,
    "LATITUDE": 44.0584430518329,
    "LONGITUDE": -1.22662002118505,
    "TEXTILES": 0
  },
  {
    "InseeCommune": 40266,
    "Nom": "Village Ocelandes",
    "Rue": "Route du Tailleur",
    "PILE": 0,
    "VERRE": 1,
    "EMB_TETRA": 1,
    "EMB_METAL": 1,
    "PLASTIQUE": 1,
    "PAPIER": 1,
    "LATITUDE": 44.0566643226703,
    "LONGITUDE": -1.22176384546309,
    "TEXTILES": 0
  },
  {
    "InseeCommune": 40268,
    "Nom": "Station du bourg 2",
    "Rue": "Chemin du Haou",
    "PILE": 1,
    "VERRE": 1,
    "EMB_TETRA": 1,
    "EMB_METAL": 1,
    "PLASTIQUE": 1,
    "PAPIER": 1,
    "LATITUDE": 43.5286777423713,
    "LONGITUDE": -1.27071958663068,
    "TEXTILES": 0
  },
  {
    "InseeCommune": 40269,
    "Nom": "La CUMA",
    "Rue": "",
    "PILE": 0,
    "VERRE": 1,
    "EMB_TETRA": 1,
    "EMB_METAL": 1,
    "PLASTIQUE": 1,
    "PAPIER": 1,
    "LATITUDE": 43.6130852130735,
    "LONGITUDE": -1.11152042333995,
    "TEXTILES": 0
  },
  {
    "InseeCommune": 40269,
    "Nom": "Matelot",
    "Rue": "Matelot",
    "PILE": 1,
    "VERRE": 1,
    "EMB_TETRA": 2,
    "EMB_METAL": 1,
    "PLASTIQUE": 2,
    "PAPIER": 1,
    "LATITUDE": 43.6147904733049,
    "LONGITUDE": -1.13154699217626,
    "TEXTILES": 1
  },
  {
    "InseeCommune": 40271,
    "Nom": "Bourg",
    "Rue": "Bourg",
    "PILE": 1,
    "VERRE": 1,
    "EMB_TETRA": 2,
    "EMB_METAL": 1,
    "PLASTIQUE": 1,
    "PAPIER": 1,
    "LATITUDE": 43.556404338094,
    "LONGITUDE": -1.23767868266646,
    "TEXTILES": 1
  },
  {
    "InseeCommune": 40271,
    "Nom": "Lot Pascouaou",
    "Rue": "D28",
    "PILE": 1,
    "VERRE": 1,
    "EMB_TETRA": 2,
    "EMB_METAL": 1,
    "PLASTIQUE": 1,
    "PAPIER": 1,
    "LATITUDE": 43.5583720018432,
    "LONGITUDE": -1.24198011614817,
    "TEXTILES": 0
  },
  {
    "InseeCommune": 40272,
    "Nom": "Dechetterie",
    "Rue": "D366",
    "PILE": 0,
    "VERRE": 1,
    "EMB_TETRA": 1,
    "EMB_METAL": 1,
    "PLASTIQUE": 1,
    "PAPIER": 1,
    "LATITUDE": 43.5698970390485,
    "LONGITUDE": -1.26155739258101,
    "TEXTILES": 1
  },
  {
    "InseeCommune": 40272,
    "Nom": "Le Lanne",
    "Rue": "Zone Artisanale",
    "PILE": 1,
    "VERRE": 1,
    "EMB_TETRA": 1,
    "EMB_METAL": 1,
    "PLASTIQUE": 1,
    "PAPIER": 1,
    "LATITUDE": 43.5730448657703,
    "LONGITUDE": -1.27049897111162,
    "TEXTILES": 1
  },
  {
    "InseeCommune": 40272,
    "Nom": "Tennis",
    "Rue": "Tennis",
    "PILE": 1,
    "VERRE": 1,
    "EMB_TETRA": 2,
    "EMB_METAL": 1,
    "PLASTIQUE": 1,
    "PAPIER": 1,
    "LATITUDE": 43.5836931349521,
    "LONGITUDE": -1.26513232521478,
    "TEXTILES": 0
  },
  {
    "InseeCommune": 40273,
    "Nom": "Ambroise",
    "Rue": "Rue Ambroise",
    "PILE": 1,
    "VERRE": 1,
    "EMB_TETRA": 1,
    "EMB_METAL": 1,
    "PLASTIQUE": 1,
    "PAPIER": 1,
    "LATITUDE": 43.525117854415,
    "LONGITUDE": -1.41028915107516,
    "TEXTILES": 0
  },
  {
    "InseeCommune": 40273,
    "Nom": "Dechetterie",
    "Rue": "accès déchetterie",
    "PILE": 0,
    "VERRE": 2,
    "EMB_TETRA": 2,
    "EMB_METAL": 1,
    "PLASTIQUE": 2,
    "PAPIER": 1,
    "LATITUDE": 43.527327947357,
    "LONGITUDE": -1.41299839095388,
    "TEXTILES": 1
  },
  {
    "InseeCommune": 40273,
    "Nom": "Ecole D Barthes",
    "Rue": "Route de Puntet",
    "PILE": 1,
    "VERRE": 1,
    "EMB_TETRA": 1,
    "EMB_METAL": 1,
    "PLASTIQUE": 1,
    "PAPIER": 1,
    "LATITUDE": 43.5126437798302,
    "LONGITUDE": -1.38522647394885,
    "TEXTILES": 0
  },
  {
    "InseeCommune": 40273,
    "Nom": "La Gendarmerie",
    "Rue": "Avenue du Quartier Neuf",
    "PILE": 1,
    "VERRE": 1,
    "EMB_TETRA": 1,
    "EMB_METAL": 1,
    "PLASTIQUE": 1,
    "PAPIER": 1,
    "LATITUDE": 43.5324288227197,
    "LONGITUDE": -1.38589627070577,
    "TEXTILES": 1
  },
  {
    "InseeCommune": 40273,
    "Nom": "Route de Cantegrouille",
    "Rue": "Route de Cantegrouille",
    "PILE": 1,
    "VERRE": 1,
    "EMB_TETRA": 1,
    "EMB_METAL": 1,
    "PLASTIQUE": 1,
    "PAPIER": 1,
    "LATITUDE": 43.5457606940446,
    "LONGITUDE": -1.3848636472451,
    "TEXTILES": 0
  },
  {
    "InseeCommune": 40273,
    "Nom": "St D Epuration",
    "Rue": "D54",
    "PILE": 1,
    "VERRE": 3,
    "EMB_TETRA": 3,
    "EMB_METAL": 2,
    "PLASTIQUE": 3,
    "PAPIER": 1,
    "LATITUDE": 43.5373132528206,
    "LONGITUDE": -1.38794232984079,
    "TEXTILES": 0
  },
  {
    "InseeCommune": 40273,
    "Nom": "Stade Lucien Goni",
    "Rue": "Route Océane",
    "PILE": 0,
    "VERRE": 1,
    "EMB_TETRA": 1,
    "EMB_METAL": 1,
    "PLASTIQUE": 1,
    "PAPIER": 1,
    "LATITUDE": 43.5406485547413,
    "LONGITUDE": -1.36771369342588,
    "TEXTILES": 0
  },
  {
    "InseeCommune": 40273,
    "Nom": "station de Northons",
    "Rue": "",
    "PILE": 0,
    "VERRE": 1,
    "EMB_TETRA": 1,
    "EMB_METAL": 1,
    "PLASTIQUE": 1,
    "PAPIER": 1,
    "LATITUDE": 43.5523095086308,
    "LONGITUDE": -1.42214961728278,
    "TEXTILES": 0
  },
  {
    "InseeCommune": 40276,
    "Nom": "Bas Rouge",
    "Rue": "",
    "PILE": 1,
    "VERRE": 1,
    "EMB_TETRA": 1,
    "EMB_METAL": 1,
    "PLASTIQUE": 1,
    "PAPIER": 1,
    "LATITUDE": 43.8864752589113,
    "LONGITUDE": -1.2875609208223,
    "TEXTILES": 0
  },
  {
    "InseeCommune": 40276,
    "Nom": "Bourg",
    "Rue": "D374",
    "PILE": 1,
    "VERRE": 1,
    "EMB_TETRA": 1,
    "EMB_METAL": 1,
    "PLASTIQUE": 1,
    "PAPIER": 1,
    "LATITUDE": 43.9008041319357,
    "LONGITUDE": -1.25880507406193,
    "TEXTILES": 0
  },
  {
    "InseeCommune": 40276,
    "Nom": "Moulin De Galoppe",
    "Rue": "D142",
    "PILE": 0,
    "VERRE": 1,
    "EMB_TETRA": 0,
    "EMB_METAL": 0,
    "PLASTIQUE": 1,
    "PAPIER": 1,
    "LATITUDE": 43.8761724143993,
    "LONGITUDE": -1.25201432551411,
    "TEXTILES": 0
  },
  {
    "InseeCommune": 40284,
    "Nom": "Bosquet",
    "Rue": "Allée des Corciers",
    "PILE": 1,
    "VERRE": 1,
    "EMB_TETRA": 1,
    "EMB_METAL": 1,
    "PLASTIQUE": 1,
    "PAPIER": 1,
    "LATITUDE": 43.6565543702816,
    "LONGITUDE": -1.29827673035576,
    "TEXTILES": 0
  },
  {
    "InseeCommune": 40284,
    "Nom": "Burry",
    "Rue": "Avenue du Burry",
    "PILE": 1,
    "VERRE": 1,
    "EMB_TETRA": 2,
    "EMB_METAL": 1,
    "PLASTIQUE": 2,
    "PAPIER": 1,
    "LATITUDE": 43.6692889396449,
    "LONGITUDE": -1.28342860737234,
    "TEXTILES": 0
  },
  {
    "InseeCommune": 40284,
    "Nom": "Centre Leclerc",
    "Rue": "Leclerc Drive",
    "PILE": 1,
    "VERRE": 1,
    "EMB_TETRA": 1,
    "EMB_METAL": 1,
    "PLASTIQUE": 1,
    "PAPIER": 1,
    "LATITUDE": 43.6672366211591,
    "LONGITUDE": -1.28768520648593,
    "TEXTILES": 0
  },
  {
    "InseeCommune": 40284,
    "Nom": "Dechetterie",
    "Rue": "Avenue de Terreblanque",
    "PILE": 0,
    "VERRE": 2,
    "EMB_TETRA": 2,
    "EMB_METAL": 2,
    "PLASTIQUE": 3,
    "PAPIER": 2,
    "LATITUDE": 43.6614761350978,
    "LONGITUDE": -1.28744778002322,
    "TEXTILES": 1
  },
  {
    "InseeCommune": 40284,
    "Nom": "Foirail",
    "Rue": "Rue de Mounsempes",
    "PILE": 1,
    "VERRE": 1,
    "EMB_TETRA": 1,
    "EMB_METAL": 1,
    "PLASTIQUE": 1,
    "PAPIER": 1,
    "LATITUDE": 43.6631062885622,
    "LONGITUDE": -1.30649307958201,
    "TEXTILES": 0
  },
  {
    "InseeCommune": 40284,
    "Nom": "La Poste Royale",
    "Rue": "Avenue de la Royale",
    "PILE": 1,
    "VERRE": 1,
    "EMB_TETRA": 1,
    "EMB_METAL": 1,
    "PLASTIQUE": 1,
    "PAPIER": 1,
    "LATITUDE": 43.6677081510169,
    "LONGITUDE": -1.31402728395678,
    "TEXTILES": 0
  },
  {
    "InseeCommune": 40284,
    "Nom": "Lot Jard D Tresba",
    "Rue": "Chemin des Faons",
    "PILE": 1,
    "VERRE": 1,
    "EMB_TETRA": 1,
    "EMB_METAL": 1,
    "PLASTIQUE": 1,
    "PAPIER": 1,
    "LATITUDE": 43.668096144203,
    "LONGITUDE": -1.3083460540835,
    "TEXTILES": 0
  },
  {
    "InseeCommune": 40284,
    "Nom": "Maysouot",
    "Rue": "Avenue du Maysouot",
    "PILE": 1,
    "VERRE": 1,
    "EMB_TETRA": 1,
    "EMB_METAL": 1,
    "PLASTIQUE": 1,
    "PAPIER": 1,
    "LATITUDE": 43.6622291642818,
    "LONGITUDE": -1.29624893375913,
    "TEXTILES": 0
  },
  {
    "InseeCommune": 40284,
    "Nom": "Romaine",
    "Rue": "Voie Romaine",
    "PILE": 1,
    "VERRE": 1,
    "EMB_TETRA": 2,
    "EMB_METAL": 1,
    "PLASTIQUE": 2,
    "PAPIER": 1,
    "LATITUDE": 43.6679050225692,
    "LONGITUDE": -1.29470868774819,
    "TEXTILES": 1
  },
  {
    "InseeCommune": 40284,
    "Nom": "Station des Pyrenées",
    "Rue": "Rue des Pyrénées",
    "PILE": 1,
    "VERRE": 1,
    "EMB_TETRA": 1,
    "EMB_METAL": 1,
    "PLASTIQUE": 1,
    "PAPIER": 1,
    "LATITUDE": 43.659343016873,
    "LONGITUDE": -1.3029908426477,
    "TEXTILES": 0
  },
  {
    "InseeCommune": 40284,
    "Nom": "Tourren",
    "Rue": "Avenue de Tourren",
    "PILE": 1,
    "VERRE": 1,
    "EMB_TETRA": 1,
    "EMB_METAL": 1,
    "PLASTIQUE": 1,
    "PAPIER": 1,
    "LATITUDE": 43.6604546063473,
    "LONGITUDE": -1.31277890177246,
    "TEXTILES": 0
  },
  {
    "InseeCommune": 40291,
    "Nom": "C.Pom D Pins",
    "Rue": "D337",
    "PILE": 1,
    "VERRE": 1,
    "EMB_TETRA": 2,
    "EMB_METAL": 1,
    "PLASTIQUE": 2,
    "PAPIER": 1,
    "LATITUDE": 43.6753570489799,
    "LONGITUDE": -1.35484869633998,
    "TEXTILES": 0
  },
  {
    "InseeCommune": 40291,
    "Nom": "L Ecole",
    "Rue": "D337",
    "PILE": 1,
    "VERRE": 1,
    "EMB_TETRA": 2,
    "EMB_METAL": 1,
    "PLASTIQUE": 2,
    "PAPIER": 1,
    "LATITUDE": 43.6655231683471,
    "LONGITUDE": -1.32628497038949,
    "TEXTILES": 1
  },
  {
    "InseeCommune": 40292,
    "Nom": "Ecoles",
    "Rue": "Rue des Ecoles",
    "PILE": 1,
    "VERRE": 1,
    "EMB_TETRA": 2,
    "EMB_METAL": 1,
    "PLASTIQUE": 2,
    "PAPIER": 1,
    "LATITUDE": 43.6108672580661,
    "LONGITUDE": -1.31552281111086,
    "TEXTILES": 1
  },
  {
    "InseeCommune": 40293,
    "Nom": "Bourg",
    "Rue": "",
    "PILE": 1,
    "VERRE": 2,
    "EMB_TETRA": 2,
    "EMB_METAL": 1,
    "PLASTIQUE": 2,
    "PAPIER": 1,
    "LATITUDE": 43.6593424812886,
    "LONGITUDE": -1.1939446787295,
    "TEXTILES": 1
  },
  {
    "InseeCommune": 40296,
    "Nom": "Av Bayonnais",
    "Rue": "Avenue du Bayonnais",
    "PILE": 1,
    "VERRE": 3,
    "EMB_TETRA": 2,
    "EMB_METAL": 1,
    "PLASTIQUE": 2,
    "PAPIER": 1,
    "LATITUDE": 43.684422497668,
    "LONGITUDE": -1.42886116699895,
    "TEXTILES": 1
  },
  {
    "InseeCommune": 40296,
    "Nom": "Av Candélons (le Pley)",
    "Rue": "Avenue des Candelons",
    "PILE": 1,
    "VERRE": 1,
    "EMB_TETRA": 2,
    "EMB_METAL": 1,
    "PLASTIQUE": 1,
    "PAPIER": 1,
    "LATITUDE": 43.7041171142187,
    "LONGITUDE": -1.42879227478137,
    "TEXTILES": 0
  },
  {
    "InseeCommune": 40296,
    "Nom": "C.Municipal",
    "Rue": "Avenue des Tucs",
    "PILE": 1,
    "VERRE": 2,
    "EMB_TETRA": 2,
    "EMB_METAL": 1,
    "PLASTIQUE": 2,
    "PAPIER": 1,
    "LATITUDE": 43.6946109498436,
    "LONGITUDE": -1.42901583676178,
    "TEXTILES": 0
  },
  {
    "InseeCommune": 40296,
    "Nom": "Cassou",
    "Rue": "Parking Maison de Retraite",
    "PILE": 1,
    "VERRE": 1,
    "EMB_TETRA": 1,
    "EMB_METAL": 1,
    "PLASTIQUE": 1,
    "PAPIER": 1,
    "LATITUDE": 43.6857013333996,
    "LONGITUDE": -1.37274029011178,
    "TEXTILES": 1
  },
  {
    "InseeCommune": 40296,
    "Nom": "Eco-Quartier 1",
    "Rue": "Rue de la Doloire",
    "PILE": 0,
    "VERRE": 1,
    "EMB_TETRA": 1,
    "EMB_METAL": 1,
    "PLASTIQUE": 1,
    "PAPIER": 1,
    "LATITUDE": 43.6891975059192,
    "LONGITUDE": -1.35143314152573,
    "TEXTILES": 0
  },
  {
    "InseeCommune": 40296,
    "Nom": "Frat",
    "Rue": "Avenue du Frat",
    "PILE": 1,
    "VERRE": 1,
    "EMB_TETRA": 2,
    "EMB_METAL": 1,
    "PLASTIQUE": 1,
    "PAPIER": 1,
    "LATITUDE": 43.6884450020497,
    "LONGITUDE": -1.36360278901221,
    "TEXTILES": 0
  },
  {
    "InseeCommune": 40296,
    "Nom": "Ireye (Gendarmerie)",
    "Rue": "Avenue d'Yreye",
    "PILE": 1,
    "VERRE": 2,
    "EMB_TETRA": 2,
    "EMB_METAL": 1,
    "PLASTIQUE": 2,
    "PAPIER": 1,
    "LATITUDE": 43.680514674893,
    "LONGITUDE": -1.3800812913073,
    "TEXTILES": 1
  },
  {
    "InseeCommune": 40296,
    "Nom": "Les Lacs",
    "Rue": "Avenue des Lacs",
    "PILE": 1,
    "VERRE": 1,
    "EMB_TETRA": 1,
    "EMB_METAL": 1,
    "PLASTIQUE": 1,
    "PAPIER": 1,
    "LATITUDE": 43.7063305234652,
    "LONGITUDE": -1.41899441605375,
    "TEXTILES": 0
  },
  {
    "InseeCommune": 40296,
    "Nom": "Lot LEHNA",
    "Rue": "D652",
    "PILE": 0,
    "VERRE": 1,
    "EMB_TETRA": 1,
    "EMB_METAL": 1,
    "PLASTIQUE": 1,
    "PAPIER": 1,
    "LATITUDE": 43.6886318120303,
    "LONGITUDE": -1.36078835785905,
    "TEXTILES": 0
  },
  {
    "InseeCommune": 40296,
    "Nom": "Pl De L Escargot",
    "Rue": "Accès Place de l'Escargot",
    "PILE": 1,
    "VERRE": 2,
    "EMB_TETRA": 2,
    "EMB_METAL": 1,
    "PLASTIQUE": 2,
    "PAPIER": 1,
    "LATITUDE": 43.7088547333736,
    "LONGITUDE": -1.43326372513801,
    "TEXTILES": 0
  },
  {
    "InseeCommune": 40296,
    "Nom": "Plage D Bourdaines",
    "Rue": "Les Bourdaines",
    "PILE": 1,
    "VERRE": 1,
    "EMB_TETRA": 1,
    "EMB_METAL": 1,
    "PLASTIQUE": 1,
    "PAPIER": 1,
    "LATITUDE": 43.69695838631,
    "LONGITUDE": -1.4371593849208,
    "TEXTILES": 1
  },
  {
    "InseeCommune": 40296,
    "Nom": "Resid D L Eyre",
    "Rue": "Avenue Chambrelent",
    "PILE": 1,
    "VERRE": 1,
    "EMB_TETRA": 1,
    "EMB_METAL": 1,
    "PLASTIQUE": 1,
    "PAPIER": 1,
    "LATITUDE": 43.7087084982275,
    "LONGITUDE": -1.43060389174994,
    "TEXTILES": 1
  },
  {
    "InseeCommune": 40296,
    "Nom": "Rest Fermiente",
    "Rue": "Avenue de la Palombière",
    "PILE": 1,
    "VERRE": 1,
    "EMB_TETRA": 1,
    "EMB_METAL": 1,
    "PLASTIQUE": 1,
    "PAPIER": 1,
    "LATITUDE": 43.6904734009065,
    "LONGITUDE": -1.43458432454819,
    "TEXTILES": 0
  },
  {
    "InseeCommune": 40296,
    "Nom": "SKATE PARK",
    "Rue": "Avenue de la Grande Plage",
    "PILE": 0,
    "VERRE": 1,
    "EMB_TETRA": 1,
    "EMB_METAL": 1,
    "PLASTIQUE": 1,
    "PAPIER": 1,
    "LATITUDE": 43.708739259286,
    "LONGITUDE": -1.43471359047391,
    "TEXTILES": 0
  },
  {
    "InseeCommune": 40304,
    "Nom": "Air Camp Car 2",
    "Rue": "Route des Lacs",
    "PILE": 1,
    "VERRE": 1,
    "EMB_TETRA": 1,
    "EMB_METAL": 1,
    "PLASTIQUE": 1,
    "PAPIER": 1,
    "LATITUDE": 43.6716349061935,
    "LONGITUDE": -1.41847078077149,
    "TEXTILES": 0
  },
  {
    "InseeCommune": 40304,
    "Nom": "La Graviere",
    "Rue": "Boulevard du Front de Mer",
    "PILE": 1,
    "VERRE": 3,
    "EMB_TETRA": 2,
    "EMB_METAL": 1,
    "PLASTIQUE": 2,
    "PAPIER": 1,
    "LATITUDE": 43.6701422254605,
    "LONGITUDE": -1.43946510296324,
    "TEXTILES": 0
  },
  {
    "InseeCommune": 40304,
    "Nom": "La Tuillerie",
    "Rue": "Avenue des Artisans",
    "PILE": 1,
    "VERRE": 1,
    "EMB_TETRA": 1,
    "EMB_METAL": 1,
    "PLASTIQUE": 1,
    "PAPIER": 1,
    "LATITUDE": 43.6686636076102,
    "LONGITUDE": -1.38825324575139,
    "TEXTILES": 1
  },
  {
    "InseeCommune": 40304,
    "Nom": "Pins Tranquilles",
    "Rue": "Place des Pins Tranquilles",
    "PILE": 1,
    "VERRE": 1,
    "EMB_TETRA": 1,
    "EMB_METAL": 1,
    "PLASTIQUE": 1,
    "PAPIER": 1,
    "LATITUDE": 43.6585788055493,
    "LONGITUDE": -1.43035612406025,
    "TEXTILES": 0
  },
  {
    "InseeCommune": 40304,
    "Nom": "Soorts Bourg",
    "Rue": "Route des Lacs",
    "PILE": 1,
    "VERRE": 1,
    "EMB_TETRA": 1,
    "EMB_METAL": 1,
    "PLASTIQUE": 1,
    "PAPIER": 1,
    "LATITUDE": 43.6654338947377,
    "LONGITUDE": -1.40274682065111,
    "TEXTILES": 1
  },
  {
    "InseeCommune": 40304,
    "Nom": "Tennis",
    "Rue": "Avenue Pierre Benoit",
    "PILE": 1,
    "VERRE": 1,
    "EMB_TETRA": 1,
    "EMB_METAL": 1,
    "PLASTIQUE": 1,
    "PAPIER": 1,
    "LATITUDE": 43.6583812979048,
    "LONGITUDE": -1.40436164255074,
    "TEXTILES": 1
  },
  {
    "InseeCommune": 40306,
    "Nom": "Dechetterie",
    "Rue": "D33",
    "PILE": 0,
    "VERRE": 1,
    "EMB_TETRA": 1,
    "EMB_METAL": 1,
    "PLASTIQUE": 1,
    "PAPIER": 1,
    "LATITUDE": 43.5243419357904,
    "LONGITUDE": -1.07563548732141,
    "TEXTILES": 1
  },
  {
    "InseeCommune": 40306,
    "Nom": "Ecole",
    "Rue": "Ecole de Sorde",
    "PILE": 1,
    "VERRE": 1,
    "EMB_TETRA": 1,
    "EMB_METAL": 1,
    "PLASTIQUE": 1,
    "PAPIER": 1,
    "LATITUDE": 43.5313361273425,
    "LONGITUDE": -1.05948962719852,
    "TEXTILES": 0
  },
  {
    "InseeCommune": 40306,
    "Nom": "Tennis",
    "Rue": "Tennis",
    "PILE": 1,
    "VERRE": 1,
    "EMB_TETRA": 1,
    "EMB_METAL": 1,
    "PLASTIQUE": 1,
    "PAPIER": 1,
    "LATITUDE": 43.5307300477967,
    "LONGITUDE": -1.05574018338251,
    "TEXTILES": 1
  },
  {
    "InseeCommune": 40310,
    "Nom": "C.L Airial",
    "Rue": "Camping l'Airial",
    "PILE": 1,
    "VERRE": 2,
    "EMB_TETRA": 3,
    "EMB_METAL": 1,
    "PLASTIQUE": 3,
    "PAPIER": 1,
    "LATITUDE": 43.7542509318922,
    "LONGITUDE": -1.35159875075373,
    "TEXTILES": 0
  },
  {
    "InseeCommune": 40310,
    "Nom": "Conquillots",
    "Rue": "Avenue des Conquillots",
    "PILE": 1,
    "VERRE": 1,
    "EMB_TETRA": 1,
    "EMB_METAL": 1,
    "PLASTIQUE": 2,
    "PAPIER": 1,
    "LATITUDE": 43.7781587241901,
    "LONGITUDE": -1.39983438953175,
    "TEXTILES": 0
  },
  {
    "InseeCommune": 40310,
    "Nom": "Costemale",
    "Rue": "D116",
    "PILE": 1,
    "VERRE": 1,
    "EMB_TETRA": 2,
    "EMB_METAL": 1,
    "PLASTIQUE": 2,
    "PAPIER": 1,
    "LATITUDE": 43.7620052555824,
    "LONGITUDE": -1.28954233792894,
    "TEXTILES": 0
  },
  {
    "InseeCommune": 40310,
    "Nom": "Dechetterie",
    "Rue": "Dech",
    "PILE": 0,
    "VERRE": 2,
    "EMB_TETRA": 2,
    "EMB_METAL": 1,
    "PLASTIQUE": 2,
    "PAPIER": 2,
    "LATITUDE": 43.7416485069161,
    "LONGITUDE": -1.34881817352977,
    "TEXTILES": 1
  },
  {
    "InseeCommune": 40310,
    "Nom": "L Avenue De Fray",
    "Rue": "Avenue de Fray",
    "PILE": 1,
    "VERRE": 1,
    "EMB_TETRA": 1,
    "EMB_METAL": 1,
    "PLASTIQUE": 1,
    "PAPIER": 1,
    "LATITUDE": 43.772250903342,
    "LONGITUDE": -1.40315625681963,
    "TEXTILES": 1
  },
  {
    "InseeCommune": 40310,
    "Nom": "Leclerc",
    "Rue": "Centre Leclerc",
    "PILE": 1,
    "VERRE": 2,
    "EMB_TETRA": 2,
    "EMB_METAL": 1,
    "PLASTIQUE": 2,
    "PAPIER": 1,
    "LATITUDE": 43.7442333360401,
    "LONGITUDE": -1.33097684980199,
    "TEXTILES": 0
  },
  {
    "InseeCommune": 40310,
    "Nom": "Lidl",
    "Rue": "Rue Philip",
    "PILE": 1,
    "VERRE": 2,
    "EMB_TETRA": 2,
    "EMB_METAL": 1,
    "PLASTIQUE": 2,
    "PAPIER": 1,
    "LATITUDE": 43.7505107487858,
    "LONGITUDE": -1.33883995647745,
    "TEXTILES": 0
  },
  {
    "InseeCommune": 40310,
    "Nom": "Nicot",
    "Rue": "Allée de Passecan",
    "PILE": 1,
    "VERRE": 1,
    "EMB_TETRA": 1,
    "EMB_METAL": 1,
    "PLASTIQUE": 1,
    "PAPIER": 1,
    "LATITUDE": 43.7505698882036,
    "LONGITUDE": -1.34887264171019,
    "TEXTILES": 0
  },
  {
    "InseeCommune": 40310,
    "Nom": "P Et V Dom Golf",
    "Rue": "Avenue de Fray",
    "PILE": 0,
    "VERRE": 1,
    "EMB_TETRA": 1,
    "EMB_METAL": 1,
    "PLASTIQUE": 1,
    "PAPIER": 1,
    "LATITUDE": 43.768264605248,
    "LONGITUDE": -1.40473664011133,
    "TEXTILES": 0
  },
  {
    "InseeCommune": 40310,
    "Nom": "Pl Commerce 2",
    "Rue": "Place du Mémorial François Mitterrand",
    "PILE": 1,
    "VERRE": 1,
    "EMB_TETRA": 1,
    "EMB_METAL": 1,
    "PLASTIQUE": 1,
    "PAPIER": 1,
    "LATITUDE": 43.7541527081459,
    "LONGITUDE": -1.33096706950791,
    "TEXTILES": 0
  },
  {
    "InseeCommune": 40310,
    "Nom": "Plage-Aire Camp.Car",
    "Rue": "Avenue de la Pêtre",
    "PILE": 1,
    "VERRE": 1,
    "EMB_TETRA": 1,
    "EMB_METAL": 1,
    "PLASTIQUE": 1,
    "PAPIER": 1,
    "LATITUDE": 43.7751943901792,
    "LONGITUDE": -1.40980482675352,
    "TEXTILES": 0
  },
  {
    "InseeCommune": 40310,
    "Nom": "Rue De Moscou",
    "Rue": "Rue de Moscou",
    "PILE": 1,
    "VERRE": 2,
    "EMB_TETRA": 2,
    "EMB_METAL": 1,
    "PLASTIQUE": 2,
    "PAPIER": 1,
    "LATITUDE": 43.748336051129,
    "LONGITUDE": -1.32403692013798,
    "TEXTILES": 0
  },
  {
    "InseeCommune": 40310,
    "Nom": "Stade De Foot",
    "Rue": "Avenue du Merlou",
    "PILE": 1,
    "VERRE": 1,
    "EMB_TETRA": 1,
    "EMB_METAL": 1,
    "PLASTIQUE": 1,
    "PAPIER": 1,
    "LATITUDE": 43.7425271726076,
    "LONGITUDE": -1.31430313754884,
    "TEXTILES": 0
  },
  {
    "InseeCommune": 40310,
    "Nom": "Vacantel",
    "Rue": "Avenue de la Pêtre",
    "PILE": 1,
    "VERRE": 1,
    "EMB_TETRA": 1,
    "EMB_METAL": 1,
    "PLASTIQUE": 1,
    "PAPIER": 1,
    "LATITUDE": 43.7743183499695,
    "LONGITUDE": -1.39738683443347,
    "TEXTILES": 0
  },
  {
    "InseeCommune": 40310,
    "Nom": "Vvf La Pignada",
    "Rue": "Allée du Lac Marin",
    "PILE": 1,
    "VERRE": 1,
    "EMB_TETRA": 1,
    "EMB_METAL": 1,
    "PLASTIQUE": 1,
    "PAPIER": 1,
    "LATITUDE": 43.7798194055125,
    "LONGITUDE": -1.40159700455884,
    "TEXTILES": 0
  },
  {
    "InseeCommune": 40311,
    "Nom": "Bourg",
    "Rue": "D140",
    "PILE": 1,
    "VERRE": 1,
    "EMB_TETRA": 2,
    "EMB_METAL": 1,
    "PLASTIQUE": 1,
    "PAPIER": 1,
    "LATITUDE": 43.8630033897375,
    "LONGITUDE": -1.07105604463896,
    "TEXTILES": 0
  },
  {
    "InseeCommune": 40312,
    "Nom": "Buffalo Grill",
    "Rue": "",
    "PILE": 1,
    "VERRE": 1,
    "EMB_TETRA": 1,
    "EMB_METAL": 1,
    "PLASTIQUE": 1,
    "PAPIER": 1,
    "LATITUDE": 43.5243967236727,
    "LONGITUDE": -1.46244726697634,
    "TEXTILES": 0
  },
  {
    "InseeCommune": 40312,
    "Nom": "Ccial Plage",
    "Rue": "Avenue Julian Grimau",
    "PILE": 1,
    "VERRE": 1,
    "EMB_TETRA": 1,
    "EMB_METAL": 1,
    "PLASTIQUE": 1,
    "PAPIER": 1,
    "LATITUDE": 43.5462539565294,
    "LONGITUDE": -1.48711714659289,
    "TEXTILES": 0
  },
  {
    "InseeCommune": 40312,
    "Nom": "Cimetière",
    "Rue": "",
    "PILE": 1,
    "VERRE": 2,
    "EMB_TETRA": 2,
    "EMB_METAL": 2,
    "PLASTIQUE": 2,
    "PAPIER": 2,
    "LATITUDE": 43.5397754014241,
    "LONGITUDE": -1.46294014897997,
    "TEXTILES": 1
  },
  {
    "InseeCommune": 40312,
    "Nom": "Dauphin",
    "Rue": "Avenue du Dauphin",
    "PILE": 1,
    "VERRE": 1,
    "EMB_TETRA": 1,
    "EMB_METAL": 1,
    "PLASTIQUE": 1,
    "PAPIER": 1,
    "LATITUDE": 43.5407144995962,
    "LONGITUDE": -1.46974974632415,
    "TEXTILES": 0
  },
  {
    "InseeCommune": 40312,
    "Nom": "Dechetterie",
    "Rue": "Avenue du 1er Mai",
    "PILE": 0,
    "VERRE": 2,
    "EMB_TETRA": 3,
    "EMB_METAL": 2,
    "PLASTIQUE": 3,
    "PAPIER": 2,
    "LATITUDE": 43.5372653352174,
    "LONGITUDE": -1.49967645694567,
    "TEXTILES": 0
  },
  {
    "InseeCommune": 40312,
    "Nom": "Georges Lassalle",
    "Rue": "Déchetterie",
    "PILE": 1,
    "VERRE": 2,
    "EMB_TETRA": 2,
    "EMB_METAL": 1,
    "PLASTIQUE": 2,
    "PAPIER": 2,
    "LATITUDE": 43.5376745201518,
    "LONGITUDE": -1.48340483123764,
    "TEXTILES": 1
  },
  {
    "InseeCommune": 40312,
    "Nom": "Grand-Jean",
    "Rue": "Rue Grand-Jean",
    "PILE": 1,
    "VERRE": 1,
    "EMB_TETRA": 2,
    "EMB_METAL": 1,
    "PLASTIQUE": 1,
    "PAPIER": 1,
    "LATITUDE": 43.5501199626826,
    "LONGITUDE": -1.47444275454455,
    "TEXTILES": 0
  },
  {
    "InseeCommune": 40312,
    "Nom": "La Cite Des Forges",
    "Rue": "Rue des Forges",
    "PILE": 1,
    "VERRE": 1,
    "EMB_TETRA": 1,
    "EMB_METAL": 1,
    "PLASTIQUE": 1,
    "PAPIER": 1,
    "LATITUDE": 43.5329948896214,
    "LONGITUDE": -1.49419252870781,
    "TEXTILES": 0
  },
  {
    "InseeCommune": 40312,
    "Nom": "La Palibe",
    "Rue": "Rue du 11 Novembre 1918",
    "PILE": 1,
    "VERRE": 1,
    "EMB_TETRA": 2,
    "EMB_METAL": 1,
    "PLASTIQUE": 1,
    "PAPIER": 1,
    "LATITUDE": 43.5412267066994,
    "LONGITUDE": -1.45368184426878,
    "TEXTILES": 0
  },
  {
    "InseeCommune": 40312,
    "Nom": "La Plaine",
    "Rue": "Rue Paul Gauguin",
    "PILE": 1,
    "VERRE": 1,
    "EMB_TETRA": 1,
    "EMB_METAL": 1,
    "PLASTIQUE": 1,
    "PAPIER": 1,
    "LATITUDE": 43.55125032596,
    "LONGITUDE": -1.47828419714995,
    "TEXTILES": 0
  },
  {
    "InseeCommune": 40312,
    "Nom": "Lacoste-Ch.Castillon",
    "Rue": "Rue de Castillon",
    "PILE": 1,
    "VERRE": 2,
    "EMB_TETRA": 2,
    "EMB_METAL": 1,
    "PLASTIQUE": 1,
    "PAPIER": 1,
    "LATITUDE": 43.5299283508428,
    "LONGITUDE": -1.45897656011465,
    "TEXTILES": 0
  },
  {
    "InseeCommune": 40312,
    "Nom": "Mandela (Castillon)",
    "Rue": "Rue Lucien Barbier",
    "PILE": 1,
    "VERRE": 1,
    "EMB_TETRA": 1,
    "EMB_METAL": 1,
    "PLASTIQUE": 1,
    "PAPIER": 1,
    "LATITUDE": 43.5260401220126,
    "LONGITUDE": -1.45560032527933,
    "TEXTILES": 1
  },
  {
    "InseeCommune": 40312,
    "Nom": "Resid Clair D Lune",
    "Rue": "Avenue Cécile et Henri Rol-Tanguy",
    "PILE": 1,
    "VERRE": 1,
    "EMB_TETRA": 2,
    "EMB_METAL": 1,
    "PLASTIQUE": 1,
    "PAPIER": 1,
    "LATITUDE": 43.5371959072922,
    "LONGITUDE": -1.45797436080806,
    "TEXTILES": 0
  },
  {
    "InseeCommune": 40312,
    "Nom": "Salle Biarrotte",
    "Rue": "Route Nationale 117",
    "PILE": 1,
    "VERRE": 1,
    "EMB_TETRA": 1,
    "EMB_METAL": 1,
    "PLASTIQUE": 1,
    "PAPIER": 1,
    "LATITUDE": 43.5166677255713,
    "LONGITUDE": -1.4289123134286,
    "TEXTILES": 0
  },
  {
    "InseeCommune": 40312,
    "Nom": "Station Rol-Tanguy",
    "Rue": "Avenue Cécile et Henri Rol-Tanguy",
    "PILE": 0,
    "VERRE": 1,
    "EMB_TETRA": 1,
    "EMB_METAL": 1,
    "PLASTIQUE": 1,
    "PAPIER": 1,
    "LATITUDE": 43.5364373733989,
    "LONGITUDE": -1.459824719388,
    "TEXTILES": 0
  },
  {
    "InseeCommune": 40312,
    "Nom": "Sylvaflor",
    "Rue": "Rue du 19 Mars 1962",
    "PILE": 0,
    "VERRE": 1,
    "EMB_TETRA": 1,
    "EMB_METAL": 1,
    "PLASTIQUE": 1,
    "PAPIER": 1,
    "LATITUDE": 43.5410793601179,
    "LONGITUDE": -1.46638525271119,
    "TEXTILES": 1
  },
  {
    "InseeCommune": 40317,
    "Nom": "Cimetiere-2 Etangs",
    "Rue": "Route de l Etang",
    "PILE": 0,
    "VERRE": 2,
    "EMB_TETRA": 2,
    "EMB_METAL": 1,
    "PLASTIQUE": 2,
    "PAPIER": 1,
    "LATITUDE": 43.6941020045693,
    "LONGITUDE": -1.33207622915893,
    "TEXTILES": 1
  },
  {
    "InseeCommune": 40317,
    "Nom": "Lot Des Fleurs",
    "Rue": "Avenue des Mimosas",
    "PILE": 1,
    "VERRE": 2,
    "EMB_TETRA": 2,
    "EMB_METAL": 1,
    "PLASTIQUE": 2,
    "PAPIER": 1,
    "LATITUDE": 43.6876651159695,
    "LONGITUDE": -1.32115544300602,
    "TEXTILES": 1
  },
  {
    "InseeCommune": 40317,
    "Nom": "Lot Jisquet",
    "Rue": "Rue de Marensin",
    "PILE": 1,
    "VERRE": 1,
    "EMB_TETRA": 2,
    "EMB_METAL": 1,
    "PLASTIQUE": 2,
    "PAPIER": 1,
    "LATITUDE": 43.6885037746323,
    "LONGITUDE": -1.33726020645442,
    "TEXTILES": 0
  },
  {
    "InseeCommune": 40317,
    "Nom": "Lot Les Bruyeres",
    "Rue": "Route des Lacs",
    "PILE": 0,
    "VERRE": 1,
    "EMB_TETRA": 1,
    "EMB_METAL": 1,
    "PLASTIQUE": 1,
    "PAPIER": 1,
    "LATITUDE": 43.7002819341927,
    "LONGITUDE": -1.33051565169152,
    "TEXTILES": 0
  },
  {
    "InseeCommune": 40322,
    "Nom": "Bourg",
    "Rue": "Rue du Bourg",
    "PILE": 1,
    "VERRE": 1,
    "EMB_TETRA": 1,
    "EMB_METAL": 1,
    "PLASTIQUE": 1,
    "PAPIER": 1,
    "LATITUDE": 44.0327941172026,
    "LONGITUDE": -1.20118933890801,
    "TEXTILES": 0
  },
  {
    "InseeCommune": 40326,
    "Nom": "Dechetterie",
    "Rue": "La Gare",
    "PILE": 0,
    "VERRE": 2,
    "EMB_TETRA": 2,
    "EMB_METAL": 1,
    "PLASTIQUE": 2,
    "PAPIER": 2,
    "LATITUDE": 43.914253082353,
    "LONGITUDE": -1.29446397317647,
    "TEXTILES": 1
  },
  {
    "InseeCommune": 40326,
    "Nom": "Plage/Pl Barcottes",
    "Rue": "Parking Festivites",
    "PILE": 1,
    "VERRE": 1,
    "EMB_TETRA": 1,
    "EMB_METAL": 1,
    "PLASTIQUE": 1,
    "PAPIER": 1,
    "LATITUDE": 43.9520702048632,
    "LONGITUDE": -1.35912655475897,
    "TEXTILES": 0
  },
  {
    "InseeCommune": 40326,
    "Nom": "Stade",
    "Rue": "Route de Pichelèbe",
    "PILE": 1,
    "VERRE": 1,
    "EMB_TETRA": 2,
    "EMB_METAL": 1,
    "PLASTIQUE": 2,
    "PAPIER": 1,
    "LATITUDE": 43.9158369404462,
    "LONGITUDE": -1.30608937692291,
    "TEXTILES": 1
  },
  {
    "InseeCommune": 40326,
    "Nom": "station St Girons",
    "Rue": "D652",
    "PILE": 0,
    "VERRE": 1,
    "EMB_TETRA": 1,
    "EMB_METAL": 1,
    "PLASTIQUE": 1,
    "PAPIER": 1,
    "LATITUDE": 43.9478118400326,
    "LONGITUDE": -1.30184273262168,
    "TEXTILES": 0
  },
  {
    "InseeCommune": 40328,
    "Nom": "Barrage",
    "Rue": "Rue des Marsouins",
    "PILE": 1,
    "VERRE": 1,
    "EMB_TETRA": 1,
    "EMB_METAL": 1,
    "PLASTIQUE": 2,
    "PAPIER": 1,
    "LATITUDE": 43.7856676006507,
    "LONGITUDE": -1.41085078813553,
    "TEXTILES": 0
  },
  {
    "InseeCommune": 40328,
    "Nom": "Hameau D Albret",
    "Rue": "Rue Maurice Ravel",
    "PILE": 1,
    "VERRE": 1,
    "EMB_TETRA": 1,
    "EMB_METAL": 1,
    "PLASTIQUE": 1,
    "PAPIER": 1,
    "LATITUDE": 43.7939517588492,
    "LONGITUDE": -1.39307246747445,
    "TEXTILES": 0
  },
  {
    "InseeCommune": 40328,
    "Nom": "L Abri Côtier",
    "Rue": "Rue de l'Abri-Côtier",
    "PILE": 1,
    "VERRE": 2,
    "EMB_TETRA": 1,
    "EMB_METAL": 1,
    "PLASTIQUE": 1,
    "PAPIER": 1,
    "LATITUDE": 43.7841269449419,
    "LONGITUDE": -1.40114418880731,
    "TEXTILES": 0
  },
  {
    "InseeCommune": 40328,
    "Nom": "La Foret",
    "Rue": "Avenue de la Forêt",
    "PILE": 1,
    "VERRE": 1,
    "EMB_TETRA": 1,
    "EMB_METAL": 1,
    "PLASTIQUE": 1,
    "PAPIER": 1,
    "LATITUDE": 43.785813814463,
    "LONGITUDE": -1.39029146841961,
    "TEXTILES": 0
  },
  {
    "InseeCommune": 40328,
    "Nom": "Pont Fronton",
    "Rue": "Promenade des Arènes",
    "PILE": 1,
    "VERRE": 2,
    "EMB_TETRA": 2,
    "EMB_METAL": 1,
    "PLASTIQUE": 2,
    "PAPIER": 1,
    "LATITUDE": 43.7899828700719,
    "LONGITUDE": -1.40309063256833,
    "TEXTILES": 1
  },
  {
    "InseeCommune": 40328,
    "Nom": "St C.Chenes(Ext)",
    "Rue": "Rue des Chênes",
    "PILE": 1,
    "VERRE": 2,
    "EMB_TETRA": 2,
    "EMB_METAL": 1,
    "PLASTIQUE": 2,
    "PAPIER": 1,
    "LATITUDE": 43.7825488088347,
    "LONGITUDE": -1.3959822293907,
    "TEXTILES": 0
  },
  {
    "InseeCommune": 40328,
    "Nom": "St C.La Sablere",
    "Rue": "Boulevard du Marensin",
    "PILE": 1,
    "VERRE": 1,
    "EMB_TETRA": 1,
    "EMB_METAL": 1,
    "PLASTIQUE": 1,
    "PAPIER": 1,
    "LATITUDE": 43.7928205914136,
    "LONGITUDE": -1.40617385085024,
    "TEXTILES": 0
  }
]